

Microchip Technology PIC18 LITE Macro Assembler V1.45 build -152302408 
                                                                                               Tue Jun 16 16:51:51 2026

Microchip Technology Omniscient Code Generator v1.45 (Free mode) build 201711160504
     1  0000                     
     2                           ; Version 1.45
     3                           ; Generated 16/11/2017 GMT
     4                           
     5                           ; 
     6                           ; Copyright © 2017, Microchip Technology Inc. and its subsidiaries ("Microchip")
     7                           ; All rights reserved.
     8                           ; 
     9                           ; This software is developed by Microchip Technology Inc. and its subsidiaries ("Microch
                                 ip").
    10                           ; 
    11                           ; Redistribution and use in source and binary forms, with or without modification, are
    12                           ; permitted provided that the following conditions are met:
    13                           ; 
    14                           ;     1. Redistributions of source code must retain the above copyright notice, this lis
                                 t of
    15                           ;        conditions and the following disclaimer.
    16                           ; 
    17                           ;     2. Redistributions in binary form must reproduce the above copyright notice, this 
                                 list
    18                           ;        of conditions and the following disclaimer in the documentation and/or other
    19                           ;        materials provided with the distribution.
    20                           ; 
    21                           ;     3. Microchip's name may not be used to endorse or promote products derived from th
                                 is
    22                           ;        software without specific prior written permission.
    23                           ; 
    24                           ; THIS SOFTWARE IS PROVIDED BY MICROCHIP "AS IS" AND ANY EXPRESS OR IMPLIED WARRANTIES,

    25                           ; INCLUDING, BUT NOT LIMITED TO, THE IMPLIED WARRANTIES OF MERCHANTABILITY AND FITNESS F
                                 OR
    26                           ; PURPOSE ARE DISCLAIMED.  IN NO EVENT SHALL MICROCHIP BE LIABLE FOR ANY DIRECT, INDIREC
                                 T,
    27                           ; INCIDENTAL, SPECIAL, EXEMPLARY, OR CONSEQUENTIAL DAMAGES (INCLUDING BUT NOT LIMITED TO
                                 
    28                           ; PROCUREMENT OF SUBSTITUTE GOODS OR SERVICES; LOSS OF USE, DATA OR PROFITS; OR BUSINESS
                                 
    29                           ; INTERRUPTION) HOWSOEVER CAUSED AND ON ANY THEORY OF LIABILITY, WHETHER IN CONTRACT, ST
                                 RICT
    30                           ; LIABILITY, OR TORT (INCLUDING NEGLIGENCE OR OTHERWISE) ARISING IN ANY WAY OUT OF THE U
                                 SE OF
    31                           ; THIS SOFTWARE, EVEN IF ADVISED OF THE POSSIBILITY OF SUCH DAMAGE.
    32                           ; 
    33                           
    34                           
    35                           ; 
    36                           ; Code-generator required, PIC18F4550 Definitions
    37                           ; 
    38  0000                     fsr0 equ 0FE9h
    39  0000                     fsr0h equ 0FEAh
    40  0000                     fsr0l equ 0FE9h
    41  0000                     fsr1 equ 0FE1h
    42  0000                     fsr1h equ 0FE2h
    43  0000                     fsr1l equ 0FE1h
    44  0000                     fsr2 equ 0FD9h
    45  0000                     fsr2h equ 0FDAh
    46  0000                     fsr2l equ 0FD9h
    47  0000                     indf0 equ 0FEFh
    48  0000                     indf1 equ 0FE7h
    49  0000                     indf2 equ 0FDFh
    50  0000                     intcon equ 0FF2h
    51  0000                     nvmcon equ 00h
    52  0000                     pcl equ 0FF9h
    53  0000                     pclath equ 0FFAh
    54  0000                     pclatu equ 0FFBh
    55  0000                     plusw0 equ 0FEBh
    56  0000                     plusw1 equ 0FE3h
    57  0000                     plusw2 equ 0FDBh
    58  0000                     postdec0 equ 0FEDh
    59  0000                     postdec1 equ 0FE5h
    60  0000                     postdec2 equ 0FDDh
    61  0000                     postinc0 equ 0FEEh
    62  0000                     postinc1 equ 0FE6h
    63  0000                     postinc2 equ 0FDEh
    64  0000                     preinc0 equ 0FECh
    65  0000                     preinc1 equ 0FE4h
    66  0000                     preinc2 equ 0FDCh
    67  0000                     prod equ 0FF3h
    68  0000                     prodh equ 0FF4h
    69  0000                     prodl equ 0FF3h
    70  0000                     status equ 0FD8h
    71  0000                     tablat equ 0FF5h
    72  0000                     tblptr equ 0FF6h
    73  0000                     tblptrh equ 0FF7h
    74  0000                     tblptrl equ 0FF6h
    75  0000                     tblptru equ 0FF8h
    76  0000                     tosl equ 0FFDh
    77  0000                     wreg equ 0FE8h
    78  0000                     
     2                           opt pagewidth 120
     3  0000                     setc   macro
     4                           	bsf	status,0
     5                           endm
     6  0000                     clrz   macro
     7                           	bcf	status,2
     8                           endm
     9  0000                     setz   macro
    10                           	bsf	status,2
    11                           endm
    12  0000                     skipnz macro
    13                           	btfsc	status,2
    14                           endm
    15  0000                     skipz  macro
    16                           	btfss	status,2
    17                           endm
    18  0000                     skipnc macro
    19                           	btfsc	status,0
    20                           endm
    21  0000                     skipc  macro
    22                           	btfss	status,0
    23                           endm
    24  0000                     pushw macro
    25                           	movwf postinc1
    26                           endm
    27  0000                     pushf macro arg1
    28                           	movff arg1, postinc1
    29                           endm
    30  0000                     popw macro
    31                           	movf postdec1,f
    32                           	movf indf1,w
    33                           endm
    34  0000                     popf macro arg1
    35                           	movf postdec1,f
    36                           	movff indf1,arg1
    37                           endm
    38  0000                     popfc macro arg1
    39                           	movff plusw1,arg1
    40                           	decfsz fsr1,f
    41                           endm
    42  0000                     	global	__ramtop
    43                           	global	__accesstop
    44                           # 52 "C:\Program Files (x86)\Microchip\xc8\v1.45\include\pic18f4550.h"
    45                           SPPDATA equ 0F62h ;# 
    46  0000                     # 72 "C:\Program Files (x86)\Microchip\xc8\v1.45\include\pic18f4550.h"
    47                           SPPCFG equ 0F63h ;# 
    48  0000                     # 149 "C:\Program Files (x86)\Microchip\xc8\v1.45\include\pic18f4550.h"
    49                           SPPEPS equ 0F64h ;# 
    50  0000                     # 223 "C:\Program Files (x86)\Microchip\xc8\v1.45\include\pic18f4550.h"
    51                           SPPCON equ 0F65h ;# 
    52  0000                     # 249 "C:\Program Files (x86)\Microchip\xc8\v1.45\include\pic18f4550.h"
    53                           UFRM equ 0F66h ;# 
    54  0000                     # 256 "C:\Program Files (x86)\Microchip\xc8\v1.45\include\pic18f4550.h"
    55                           UFRML equ 0F66h ;# 
    56  0000                     # 334 "C:\Program Files (x86)\Microchip\xc8\v1.45\include\pic18f4550.h"
    57                           UFRMH equ 0F67h ;# 
    58  0000                     # 374 "C:\Program Files (x86)\Microchip\xc8\v1.45\include\pic18f4550.h"
    59                           UIR equ 0F68h ;# 
    60  0000                     # 430 "C:\Program Files (x86)\Microchip\xc8\v1.45\include\pic18f4550.h"
    61                           UIE equ 0F69h ;# 
    62  0000                     # 486 "C:\Program Files (x86)\Microchip\xc8\v1.45\include\pic18f4550.h"
    63                           UEIR equ 0F6Ah ;# 
    64  0000                     # 537 "C:\Program Files (x86)\Microchip\xc8\v1.45\include\pic18f4550.h"
    65                           UEIE equ 0F6Bh ;# 
    66  0000                     # 588 "C:\Program Files (x86)\Microchip\xc8\v1.45\include\pic18f4550.h"
    67                           USTAT equ 0F6Ch ;# 
    68  0000                     # 648 "C:\Program Files (x86)\Microchip\xc8\v1.45\include\pic18f4550.h"
    69                           UCON equ 0F6Dh ;# 
    70  0000                     # 699 "C:\Program Files (x86)\Microchip\xc8\v1.45\include\pic18f4550.h"
    71                           UADDR equ 0F6Eh ;# 
    72  0000                     # 763 "C:\Program Files (x86)\Microchip\xc8\v1.45\include\pic18f4550.h"
    73                           UCFG equ 0F6Fh ;# 
    74  0000                     # 842 "C:\Program Files (x86)\Microchip\xc8\v1.45\include\pic18f4550.h"
    75                           UEP0 equ 0F70h ;# 
    76  0000                     # 950 "C:\Program Files (x86)\Microchip\xc8\v1.45\include\pic18f4550.h"
    77                           UEP1 equ 0F71h ;# 
    78  0000                     # 1058 "C:\Program Files (x86)\Microchip\xc8\v1.45\include\pic18f4550.h"
    79                           UEP2 equ 0F72h ;# 
    80  0000                     # 1166 "C:\Program Files (x86)\Microchip\xc8\v1.45\include\pic18f4550.h"
    81                           UEP3 equ 0F73h ;# 
    82  0000                     # 1274 "C:\Program Files (x86)\Microchip\xc8\v1.45\include\pic18f4550.h"
    83                           UEP4 equ 0F74h ;# 
    84  0000                     # 1382 "C:\Program Files (x86)\Microchip\xc8\v1.45\include\pic18f4550.h"
    85                           UEP5 equ 0F75h ;# 
    86  0000                     # 1490 "C:\Program Files (x86)\Microchip\xc8\v1.45\include\pic18f4550.h"
    87                           UEP6 equ 0F76h ;# 
    88  0000                     # 1598 "C:\Program Files (x86)\Microchip\xc8\v1.45\include\pic18f4550.h"
    89                           UEP7 equ 0F77h ;# 
    90  0000                     # 1706 "C:\Program Files (x86)\Microchip\xc8\v1.45\include\pic18f4550.h"
    91                           UEP8 equ 0F78h ;# 
    92  0000                     # 1782 "C:\Program Files (x86)\Microchip\xc8\v1.45\include\pic18f4550.h"
    93                           UEP9 equ 0F79h ;# 
    94  0000                     # 1858 "C:\Program Files (x86)\Microchip\xc8\v1.45\include\pic18f4550.h"
    95                           UEP10 equ 0F7Ah ;# 
    96  0000                     # 1934 "C:\Program Files (x86)\Microchip\xc8\v1.45\include\pic18f4550.h"
    97                           UEP11 equ 0F7Bh ;# 
    98  0000                     # 2010 "C:\Program Files (x86)\Microchip\xc8\v1.45\include\pic18f4550.h"
    99                           UEP12 equ 0F7Ch ;# 
   100  0000                     # 2086 "C:\Program Files (x86)\Microchip\xc8\v1.45\include\pic18f4550.h"
   101                           UEP13 equ 0F7Dh ;# 
   102  0000                     # 2162 "C:\Program Files (x86)\Microchip\xc8\v1.45\include\pic18f4550.h"
   103                           UEP14 equ 0F7Eh ;# 
   104  0000                     # 2238 "C:\Program Files (x86)\Microchip\xc8\v1.45\include\pic18f4550.h"
   105                           UEP15 equ 0F7Fh ;# 
   106  0000                     # 2314 "C:\Program Files (x86)\Microchip\xc8\v1.45\include\pic18f4550.h"
   107                           PORTA equ 0F80h ;# 
   108  0000                     # 2453 "C:\Program Files (x86)\Microchip\xc8\v1.45\include\pic18f4550.h"
   109                           PORTB equ 0F81h ;# 
   110  0000                     # 2563 "C:\Program Files (x86)\Microchip\xc8\v1.45\include\pic18f4550.h"
   111                           PORTC equ 0F82h ;# 
   112  0000                     # 2705 "C:\Program Files (x86)\Microchip\xc8\v1.45\include\pic18f4550.h"
   113                           PORTD equ 0F83h ;# 
   114  0000                     # 2826 "C:\Program Files (x86)\Microchip\xc8\v1.45\include\pic18f4550.h"
   115                           PORTE equ 0F84h ;# 
   116  0000                     # 2973 "C:\Program Files (x86)\Microchip\xc8\v1.45\include\pic18f4550.h"
   117                           LATA equ 0F89h ;# 
   118  0000                     # 3073 "C:\Program Files (x86)\Microchip\xc8\v1.45\include\pic18f4550.h"
   119                           LATB equ 0F8Ah ;# 
   120  0000                     # 3185 "C:\Program Files (x86)\Microchip\xc8\v1.45\include\pic18f4550.h"
   121                           LATC equ 0F8Bh ;# 
   122  0000                     # 3263 "C:\Program Files (x86)\Microchip\xc8\v1.45\include\pic18f4550.h"
   123                           LATD equ 0F8Ch ;# 
   124  0000                     # 3375 "C:\Program Files (x86)\Microchip\xc8\v1.45\include\pic18f4550.h"
   125                           LATE equ 0F8Dh ;# 
   126  0000                     # 3427 "C:\Program Files (x86)\Microchip\xc8\v1.45\include\pic18f4550.h"
   127                           TRISA equ 0F92h ;# 
   128  0000                     # 3432 "C:\Program Files (x86)\Microchip\xc8\v1.45\include\pic18f4550.h"
   129                           DDRA equ 0F92h ;# 
   130  0000                     # 3625 "C:\Program Files (x86)\Microchip\xc8\v1.45\include\pic18f4550.h"
   131                           TRISB equ 0F93h ;# 
   132  0000                     # 3630 "C:\Program Files (x86)\Microchip\xc8\v1.45\include\pic18f4550.h"
   133                           DDRB equ 0F93h ;# 
   134  0000                     # 3847 "C:\Program Files (x86)\Microchip\xc8\v1.45\include\pic18f4550.h"
   135                           TRISC equ 0F94h ;# 
   136  0000                     # 3852 "C:\Program Files (x86)\Microchip\xc8\v1.45\include\pic18f4550.h"
   137                           DDRC equ 0F94h ;# 
   138  0000                     # 4001 "C:\Program Files (x86)\Microchip\xc8\v1.45\include\pic18f4550.h"
   139                           TRISD equ 0F95h ;# 
   140  0000                     # 4006 "C:\Program Files (x86)\Microchip\xc8\v1.45\include\pic18f4550.h"
   141                           DDRD equ 0F95h ;# 
   142  0000                     # 4223 "C:\Program Files (x86)\Microchip\xc8\v1.45\include\pic18f4550.h"
   143                           TRISE equ 0F96h ;# 
   144  0000                     # 4228 "C:\Program Files (x86)\Microchip\xc8\v1.45\include\pic18f4550.h"
   145                           DDRE equ 0F96h ;# 
   146  0000                     # 4325 "C:\Program Files (x86)\Microchip\xc8\v1.45\include\pic18f4550.h"
   147                           OSCTUNE equ 0F9Bh ;# 
   148  0000                     # 4384 "C:\Program Files (x86)\Microchip\xc8\v1.45\include\pic18f4550.h"
   149                           PIE1 equ 0F9Dh ;# 
   150  0000                     # 4468 "C:\Program Files (x86)\Microchip\xc8\v1.45\include\pic18f4550.h"
   151                           PIR1 equ 0F9Eh ;# 
   152  0000                     # 4552 "C:\Program Files (x86)\Microchip\xc8\v1.45\include\pic18f4550.h"
   153                           IPR1 equ 0F9Fh ;# 
   154  0000                     # 4636 "C:\Program Files (x86)\Microchip\xc8\v1.45\include\pic18f4550.h"
   155                           PIE2 equ 0FA0h ;# 
   156  0000                     # 4707 "C:\Program Files (x86)\Microchip\xc8\v1.45\include\pic18f4550.h"
   157                           PIR2 equ 0FA1h ;# 
   158  0000                     # 4778 "C:\Program Files (x86)\Microchip\xc8\v1.45\include\pic18f4550.h"
   159                           IPR2 equ 0FA2h ;# 
   160  0000                     # 4849 "C:\Program Files (x86)\Microchip\xc8\v1.45\include\pic18f4550.h"
   161                           EECON1 equ 0FA6h ;# 
   162  0000                     # 4915 "C:\Program Files (x86)\Microchip\xc8\v1.45\include\pic18f4550.h"
   163                           EECON2 equ 0FA7h ;# 
   164  0000                     # 4922 "C:\Program Files (x86)\Microchip\xc8\v1.45\include\pic18f4550.h"
   165                           EEDATA equ 0FA8h ;# 
   166  0000                     # 4929 "C:\Program Files (x86)\Microchip\xc8\v1.45\include\pic18f4550.h"
   167                           EEADR equ 0FA9h ;# 
   168  0000                     # 4936 "C:\Program Files (x86)\Microchip\xc8\v1.45\include\pic18f4550.h"
   169                           RCSTA equ 0FABh ;# 
   170  0000                     # 4941 "C:\Program Files (x86)\Microchip\xc8\v1.45\include\pic18f4550.h"
   171                           RCSTA1 equ 0FABh ;# 
   172  0000                     # 5146 "C:\Program Files (x86)\Microchip\xc8\v1.45\include\pic18f4550.h"
   173                           TXSTA equ 0FACh ;# 
   174  0000                     # 5151 "C:\Program Files (x86)\Microchip\xc8\v1.45\include\pic18f4550.h"
   175                           TXSTA1 equ 0FACh ;# 
   176  0000                     # 5402 "C:\Program Files (x86)\Microchip\xc8\v1.45\include\pic18f4550.h"
   177                           TXREG equ 0FADh ;# 
   178  0000                     # 5407 "C:\Program Files (x86)\Microchip\xc8\v1.45\include\pic18f4550.h"
   179                           TXREG1 equ 0FADh ;# 
   180  0000                     # 5414 "C:\Program Files (x86)\Microchip\xc8\v1.45\include\pic18f4550.h"
   181                           RCREG equ 0FAEh ;# 
   182  0000                     # 5419 "C:\Program Files (x86)\Microchip\xc8\v1.45\include\pic18f4550.h"
   183                           RCREG1 equ 0FAEh ;# 
   184  0000                     # 5426 "C:\Program Files (x86)\Microchip\xc8\v1.45\include\pic18f4550.h"
   185                           SPBRG equ 0FAFh ;# 
   186  0000                     # 5431 "C:\Program Files (x86)\Microchip\xc8\v1.45\include\pic18f4550.h"
   187                           SPBRG1 equ 0FAFh ;# 
   188  0000                     # 5438 "C:\Program Files (x86)\Microchip\xc8\v1.45\include\pic18f4550.h"
   189                           SPBRGH equ 0FB0h ;# 
   190  0000                     # 5445 "C:\Program Files (x86)\Microchip\xc8\v1.45\include\pic18f4550.h"
   191                           T3CON equ 0FB1h ;# 
   192  0000                     # 5566 "C:\Program Files (x86)\Microchip\xc8\v1.45\include\pic18f4550.h"
   193                           TMR3 equ 0FB2h ;# 
   194  0000                     # 5573 "C:\Program Files (x86)\Microchip\xc8\v1.45\include\pic18f4550.h"
   195                           TMR3L equ 0FB2h ;# 
   196  0000                     # 5580 "C:\Program Files (x86)\Microchip\xc8\v1.45\include\pic18f4550.h"
   197                           TMR3H equ 0FB3h ;# 
   198  0000                     # 5587 "C:\Program Files (x86)\Microchip\xc8\v1.45\include\pic18f4550.h"
   199                           CMCON equ 0FB4h ;# 
   200  0000                     # 5677 "C:\Program Files (x86)\Microchip\xc8\v1.45\include\pic18f4550.h"
   201                           CVRCON equ 0FB5h ;# 
   202  0000                     # 5762 "C:\Program Files (x86)\Microchip\xc8\v1.45\include\pic18f4550.h"
   203                           ECCP1AS equ 0FB6h ;# 
   204  0000                     # 5767 "C:\Program Files (x86)\Microchip\xc8\v1.45\include\pic18f4550.h"
   205                           CCP1AS equ 0FB6h ;# 
   206  0000                     # 5924 "C:\Program Files (x86)\Microchip\xc8\v1.45\include\pic18f4550.h"
   207                           ECCP1DEL equ 0FB7h ;# 
   208  0000                     # 5929 "C:\Program Files (x86)\Microchip\xc8\v1.45\include\pic18f4550.h"
   209                           CCP1DEL equ 0FB7h ;# 
   210  0000                     # 6062 "C:\Program Files (x86)\Microchip\xc8\v1.45\include\pic18f4550.h"
   211                           BAUDCON equ 0FB8h ;# 
   212  0000                     # 6067 "C:\Program Files (x86)\Microchip\xc8\v1.45\include\pic18f4550.h"
   213                           BAUDCTL equ 0FB8h ;# 
   214  0000                     # 6242 "C:\Program Files (x86)\Microchip\xc8\v1.45\include\pic18f4550.h"
   215                           CCP2CON equ 0FBAh ;# 
   216  0000                     # 6306 "C:\Program Files (x86)\Microchip\xc8\v1.45\include\pic18f4550.h"
   217                           CCPR2 equ 0FBBh ;# 
   218  0000                     # 6313 "C:\Program Files (x86)\Microchip\xc8\v1.45\include\pic18f4550.h"
   219                           CCPR2L equ 0FBBh ;# 
   220  0000                     # 6320 "C:\Program Files (x86)\Microchip\xc8\v1.45\include\pic18f4550.h"
   221                           CCPR2H equ 0FBCh ;# 
   222  0000                     # 6327 "C:\Program Files (x86)\Microchip\xc8\v1.45\include\pic18f4550.h"
   223                           CCP1CON equ 0FBDh ;# 
   224  0000                     # 6332 "C:\Program Files (x86)\Microchip\xc8\v1.45\include\pic18f4550.h"
   225                           ECCP1CON equ 0FBDh ;# 
   226  0000                     # 6489 "C:\Program Files (x86)\Microchip\xc8\v1.45\include\pic18f4550.h"
   227                           CCPR1 equ 0FBEh ;# 
   228  0000                     # 6496 "C:\Program Files (x86)\Microchip\xc8\v1.45\include\pic18f4550.h"
   229                           CCPR1L equ 0FBEh ;# 
   230  0000                     # 6503 "C:\Program Files (x86)\Microchip\xc8\v1.45\include\pic18f4550.h"
   231                           CCPR1H equ 0FBFh ;# 
   232  0000                     # 6510 "C:\Program Files (x86)\Microchip\xc8\v1.45\include\pic18f4550.h"
   233                           ADCON2 equ 0FC0h ;# 
   234  0000                     # 6581 "C:\Program Files (x86)\Microchip\xc8\v1.45\include\pic18f4550.h"
   235                           ADCON1 equ 0FC1h ;# 
   236  0000                     # 6666 "C:\Program Files (x86)\Microchip\xc8\v1.45\include\pic18f4550.h"
   237                           ADCON0 equ 0FC2h ;# 
   238  0000                     # 6785 "C:\Program Files (x86)\Microchip\xc8\v1.45\include\pic18f4550.h"
   239                           ADRES equ 0FC3h ;# 
   240  0000                     # 6792 "C:\Program Files (x86)\Microchip\xc8\v1.45\include\pic18f4550.h"
   241                           ADRESL equ 0FC3h ;# 
   242  0000                     # 6799 "C:\Program Files (x86)\Microchip\xc8\v1.45\include\pic18f4550.h"
   243                           ADRESH equ 0FC4h ;# 
   244  0000                     # 6806 "C:\Program Files (x86)\Microchip\xc8\v1.45\include\pic18f4550.h"
   245                           SSPCON2 equ 0FC5h ;# 
   246  0000                     # 6868 "C:\Program Files (x86)\Microchip\xc8\v1.45\include\pic18f4550.h"
   247                           SSPCON1 equ 0FC6h ;# 
   248  0000                     # 6938 "C:\Program Files (x86)\Microchip\xc8\v1.45\include\pic18f4550.h"
   249                           SSPSTAT equ 0FC7h ;# 
   250  0000                     # 7186 "C:\Program Files (x86)\Microchip\xc8\v1.45\include\pic18f4550.h"
   251                           SSPADD equ 0FC8h ;# 
   252  0000                     # 7193 "C:\Program Files (x86)\Microchip\xc8\v1.45\include\pic18f4550.h"
   253                           SSPBUF equ 0FC9h ;# 
   254  0000                     # 7200 "C:\Program Files (x86)\Microchip\xc8\v1.45\include\pic18f4550.h"
   255                           T2CON equ 0FCAh ;# 
   256  0000                     # 7298 "C:\Program Files (x86)\Microchip\xc8\v1.45\include\pic18f4550.h"
   257                           PR2 equ 0FCBh ;# 
   258  0000                     # 7303 "C:\Program Files (x86)\Microchip\xc8\v1.45\include\pic18f4550.h"
   259                           MEMCON equ 0FCBh ;# 
   260  0000                     # 7408 "C:\Program Files (x86)\Microchip\xc8\v1.45\include\pic18f4550.h"
   261                           TMR2 equ 0FCCh ;# 
   262  0000                     # 7415 "C:\Program Files (x86)\Microchip\xc8\v1.45\include\pic18f4550.h"
   263                           T1CON equ 0FCDh ;# 
   264  0000                     # 7518 "C:\Program Files (x86)\Microchip\xc8\v1.45\include\pic18f4550.h"
   265                           TMR1 equ 0FCEh ;# 
   266  0000                     # 7525 "C:\Program Files (x86)\Microchip\xc8\v1.45\include\pic18f4550.h"
   267                           TMR1L equ 0FCEh ;# 
   268  0000                     # 7532 "C:\Program Files (x86)\Microchip\xc8\v1.45\include\pic18f4550.h"
   269                           TMR1H equ 0FCFh ;# 
   270  0000                     # 7539 "C:\Program Files (x86)\Microchip\xc8\v1.45\include\pic18f4550.h"
   271                           RCON equ 0FD0h ;# 
   272  0000                     # 7688 "C:\Program Files (x86)\Microchip\xc8\v1.45\include\pic18f4550.h"
   273                           WDTCON equ 0FD1h ;# 
   274  0000                     # 7716 "C:\Program Files (x86)\Microchip\xc8\v1.45\include\pic18f4550.h"
   275                           HLVDCON equ 0FD2h ;# 
   276  0000                     # 7721 "C:\Program Files (x86)\Microchip\xc8\v1.45\include\pic18f4550.h"
   277                           LVDCON equ 0FD2h ;# 
   278  0000                     # 7986 "C:\Program Files (x86)\Microchip\xc8\v1.45\include\pic18f4550.h"
   279                           OSCCON equ 0FD3h ;# 
   280  0000                     # 8069 "C:\Program Files (x86)\Microchip\xc8\v1.45\include\pic18f4550.h"
   281                           T0CON equ 0FD5h ;# 
   282  0000                     # 8139 "C:\Program Files (x86)\Microchip\xc8\v1.45\include\pic18f4550.h"
   283                           TMR0 equ 0FD6h ;# 
   284  0000                     # 8146 "C:\Program Files (x86)\Microchip\xc8\v1.45\include\pic18f4550.h"
   285                           TMR0L equ 0FD6h ;# 
   286  0000                     # 8153 "C:\Program Files (x86)\Microchip\xc8\v1.45\include\pic18f4550.h"
   287                           TMR0H equ 0FD7h ;# 
   288  0000                     # 8160 "C:\Program Files (x86)\Microchip\xc8\v1.45\include\pic18f4550.h"
   289                           STATUS equ 0FD8h ;# 
   290  0000                     # 8231 "C:\Program Files (x86)\Microchip\xc8\v1.45\include\pic18f4550.h"
   291                           FSR2 equ 0FD9h ;# 
   292  0000                     # 8238 "C:\Program Files (x86)\Microchip\xc8\v1.45\include\pic18f4550.h"
   293                           FSR2L equ 0FD9h ;# 
   294  0000                     # 8245 "C:\Program Files (x86)\Microchip\xc8\v1.45\include\pic18f4550.h"
   295                           FSR2H equ 0FDAh ;# 
   296  0000                     # 8252 "C:\Program Files (x86)\Microchip\xc8\v1.45\include\pic18f4550.h"
   297                           PLUSW2 equ 0FDBh ;# 
   298  0000                     # 8259 "C:\Program Files (x86)\Microchip\xc8\v1.45\include\pic18f4550.h"
   299                           PREINC2 equ 0FDCh ;# 
   300  0000                     # 8266 "C:\Program Files (x86)\Microchip\xc8\v1.45\include\pic18f4550.h"
   301                           POSTDEC2 equ 0FDDh ;# 
   302  0000                     # 8273 "C:\Program Files (x86)\Microchip\xc8\v1.45\include\pic18f4550.h"
   303                           POSTINC2 equ 0FDEh ;# 
   304  0000                     # 8280 "C:\Program Files (x86)\Microchip\xc8\v1.45\include\pic18f4550.h"
   305                           INDF2 equ 0FDFh ;# 
   306  0000                     # 8287 "C:\Program Files (x86)\Microchip\xc8\v1.45\include\pic18f4550.h"
   307                           BSR equ 0FE0h ;# 
   308  0000                     # 8294 "C:\Program Files (x86)\Microchip\xc8\v1.45\include\pic18f4550.h"
   309                           FSR1 equ 0FE1h ;# 
   310  0000                     # 8301 "C:\Program Files (x86)\Microchip\xc8\v1.45\include\pic18f4550.h"
   311                           FSR1L equ 0FE1h ;# 
   312  0000                     # 8308 "C:\Program Files (x86)\Microchip\xc8\v1.45\include\pic18f4550.h"
   313                           FSR1H equ 0FE2h ;# 
   314  0000                     # 8315 "C:\Program Files (x86)\Microchip\xc8\v1.45\include\pic18f4550.h"
   315                           PLUSW1 equ 0FE3h ;# 
   316  0000                     # 8322 "C:\Program Files (x86)\Microchip\xc8\v1.45\include\pic18f4550.h"
   317                           PREINC1 equ 0FE4h ;# 
   318  0000                     # 8329 "C:\Program Files (x86)\Microchip\xc8\v1.45\include\pic18f4550.h"
   319                           POSTDEC1 equ 0FE5h ;# 
   320  0000                     # 8336 "C:\Program Files (x86)\Microchip\xc8\v1.45\include\pic18f4550.h"
   321                           POSTINC1 equ 0FE6h ;# 
   322  0000                     # 8343 "C:\Program Files (x86)\Microchip\xc8\v1.45\include\pic18f4550.h"
   323                           INDF1 equ 0FE7h ;# 
   324  0000                     # 8350 "C:\Program Files (x86)\Microchip\xc8\v1.45\include\pic18f4550.h"
   325                           WREG equ 0FE8h ;# 
   326  0000                     # 8357 "C:\Program Files (x86)\Microchip\xc8\v1.45\include\pic18f4550.h"
   327                           FSR0 equ 0FE9h ;# 
   328  0000                     # 8364 "C:\Program Files (x86)\Microchip\xc8\v1.45\include\pic18f4550.h"
   329                           FSR0L equ 0FE9h ;# 
   330  0000                     # 8371 "C:\Program Files (x86)\Microchip\xc8\v1.45\include\pic18f4550.h"
   331                           FSR0H equ 0FEAh ;# 
   332  0000                     # 8378 "C:\Program Files (x86)\Microchip\xc8\v1.45\include\pic18f4550.h"
   333                           PLUSW0 equ 0FEBh ;# 
   334  0000                     # 8385 "C:\Program Files (x86)\Microchip\xc8\v1.45\include\pic18f4550.h"
   335                           PREINC0 equ 0FECh ;# 
   336  0000                     # 8392 "C:\Program Files (x86)\Microchip\xc8\v1.45\include\pic18f4550.h"
   337                           POSTDEC0 equ 0FEDh ;# 
   338  0000                     # 8399 "C:\Program Files (x86)\Microchip\xc8\v1.45\include\pic18f4550.h"
   339                           POSTINC0 equ 0FEEh ;# 
   340  0000                     # 8406 "C:\Program Files (x86)\Microchip\xc8\v1.45\include\pic18f4550.h"
   341                           INDF0 equ 0FEFh ;# 
   342  0000                     # 8413 "C:\Program Files (x86)\Microchip\xc8\v1.45\include\pic18f4550.h"
   343                           INTCON3 equ 0FF0h ;# 
   344  0000                     # 8505 "C:\Program Files (x86)\Microchip\xc8\v1.45\include\pic18f4550.h"
   345                           INTCON2 equ 0FF1h ;# 
   346  0000                     # 8582 "C:\Program Files (x86)\Microchip\xc8\v1.45\include\pic18f4550.h"
   347                           INTCON equ 0FF2h ;# 
   348  0000                     # 8699 "C:\Program Files (x86)\Microchip\xc8\v1.45\include\pic18f4550.h"
   349                           PROD equ 0FF3h ;# 
   350  0000                     # 8706 "C:\Program Files (x86)\Microchip\xc8\v1.45\include\pic18f4550.h"
   351                           PRODL equ 0FF3h ;# 
   352  0000                     # 8713 "C:\Program Files (x86)\Microchip\xc8\v1.45\include\pic18f4550.h"
   353                           PRODH equ 0FF4h ;# 
   354  0000                     # 8720 "C:\Program Files (x86)\Microchip\xc8\v1.45\include\pic18f4550.h"
   355                           TABLAT equ 0FF5h ;# 
   356  0000                     # 8729 "C:\Program Files (x86)\Microchip\xc8\v1.45\include\pic18f4550.h"
   357                           TBLPTR equ 0FF6h ;# 
   358  0000                     # 8736 "C:\Program Files (x86)\Microchip\xc8\v1.45\include\pic18f4550.h"
   359                           TBLPTRL equ 0FF6h ;# 
   360  0000                     # 8743 "C:\Program Files (x86)\Microchip\xc8\v1.45\include\pic18f4550.h"
   361                           TBLPTRH equ 0FF7h ;# 
   362  0000                     # 8750 "C:\Program Files (x86)\Microchip\xc8\v1.45\include\pic18f4550.h"
   363                           TBLPTRU equ 0FF8h ;# 
   364  0000                     # 8759 "C:\Program Files (x86)\Microchip\xc8\v1.45\include\pic18f4550.h"
   365                           PCLAT equ 0FF9h ;# 
   366  0000                     # 8766 "C:\Program Files (x86)\Microchip\xc8\v1.45\include\pic18f4550.h"
   367                           PC equ 0FF9h ;# 
   368  0000                     # 8773 "C:\Program Files (x86)\Microchip\xc8\v1.45\include\pic18f4550.h"
   369                           PCL equ 0FF9h ;# 
   370  0000                     # 8780 "C:\Program Files (x86)\Microchip\xc8\v1.45\include\pic18f4550.h"
   371                           PCLATH equ 0FFAh ;# 
   372  0000                     # 8787 "C:\Program Files (x86)\Microchip\xc8\v1.45\include\pic18f4550.h"
   373                           PCLATU equ 0FFBh ;# 
   374  0000                     # 8794 "C:\Program Files (x86)\Microchip\xc8\v1.45\include\pic18f4550.h"
   375                           STKPTR equ 0FFCh ;# 
   376  0000                     # 8870 "C:\Program Files (x86)\Microchip\xc8\v1.45\include\pic18f4550.h"
   377                           TOS equ 0FFDh ;# 
   378  0000                     # 8877 "C:\Program Files (x86)\Microchip\xc8\v1.45\include\pic18f4550.h"
   379                           TOSL equ 0FFDh ;# 
   380  0000                     # 8884 "C:\Program Files (x86)\Microchip\xc8\v1.45\include\pic18f4550.h"
   381                           TOSH equ 0FFEh ;# 
   382  0000                     # 8891 "C:\Program Files (x86)\Microchip\xc8\v1.45\include\pic18f4550.h"
   383                           TOSU equ 0FFFh ;# 
   384  0000                     # 52 "C:\Program Files (x86)\Microchip\xc8\v1.45\include\pic18f4550.h"
   385                           SPPDATA equ 0F62h ;# 
   386  0000                     # 72 "C:\Program Files (x86)\Microchip\xc8\v1.45\include\pic18f4550.h"
   387                           SPPCFG equ 0F63h ;# 
   388  0000                     # 149 "C:\Program Files (x86)\Microchip\xc8\v1.45\include\pic18f4550.h"
   389                           SPPEPS equ 0F64h ;# 
   390  0000                     # 223 "C:\Program Files (x86)\Microchip\xc8\v1.45\include\pic18f4550.h"
   391                           SPPCON equ 0F65h ;# 
   392  0000                     # 249 "C:\Program Files (x86)\Microchip\xc8\v1.45\include\pic18f4550.h"
   393                           UFRM equ 0F66h ;# 
   394  0000                     # 256 "C:\Program Files (x86)\Microchip\xc8\v1.45\include\pic18f4550.h"
   395                           UFRML equ 0F66h ;# 
   396  0000                     # 334 "C:\Program Files (x86)\Microchip\xc8\v1.45\include\pic18f4550.h"
   397                           UFRMH equ 0F67h ;# 
   398  0000                     # 374 "C:\Program Files (x86)\Microchip\xc8\v1.45\include\pic18f4550.h"
   399                           UIR equ 0F68h ;# 
   400  0000                     # 430 "C:\Program Files (x86)\Microchip\xc8\v1.45\include\pic18f4550.h"
   401                           UIE equ 0F69h ;# 
   402  0000                     # 486 "C:\Program Files (x86)\Microchip\xc8\v1.45\include\pic18f4550.h"
   403                           UEIR equ 0F6Ah ;# 
   404  0000                     # 537 "C:\Program Files (x86)\Microchip\xc8\v1.45\include\pic18f4550.h"
   405                           UEIE equ 0F6Bh ;# 
   406  0000                     # 588 "C:\Program Files (x86)\Microchip\xc8\v1.45\include\pic18f4550.h"
   407                           USTAT equ 0F6Ch ;# 
   408  0000                     # 648 "C:\Program Files (x86)\Microchip\xc8\v1.45\include\pic18f4550.h"
   409                           UCON equ 0F6Dh ;# 
   410  0000                     # 699 "C:\Program Files (x86)\Microchip\xc8\v1.45\include\pic18f4550.h"
   411                           UADDR equ 0F6Eh ;# 
   412  0000                     # 763 "C:\Program Files (x86)\Microchip\xc8\v1.45\include\pic18f4550.h"
   413                           UCFG equ 0F6Fh ;# 
   414  0000                     # 842 "C:\Program Files (x86)\Microchip\xc8\v1.45\include\pic18f4550.h"
   415                           UEP0 equ 0F70h ;# 
   416  0000                     # 950 "C:\Program Files (x86)\Microchip\xc8\v1.45\include\pic18f4550.h"
   417                           UEP1 equ 0F71h ;# 
   418  0000                     # 1058 "C:\Program Files (x86)\Microchip\xc8\v1.45\include\pic18f4550.h"
   419                           UEP2 equ 0F72h ;# 
   420  0000                     # 1166 "C:\Program Files (x86)\Microchip\xc8\v1.45\include\pic18f4550.h"
   421                           UEP3 equ 0F73h ;# 
   422  0000                     # 1274 "C:\Program Files (x86)\Microchip\xc8\v1.45\include\pic18f4550.h"
   423                           UEP4 equ 0F74h ;# 
   424  0000                     # 1382 "C:\Program Files (x86)\Microchip\xc8\v1.45\include\pic18f4550.h"
   425                           UEP5 equ 0F75h ;# 
   426  0000                     # 1490 "C:\Program Files (x86)\Microchip\xc8\v1.45\include\pic18f4550.h"
   427                           UEP6 equ 0F76h ;# 
   428  0000                     # 1598 "C:\Program Files (x86)\Microchip\xc8\v1.45\include\pic18f4550.h"
   429                           UEP7 equ 0F77h ;# 
   430  0000                     # 1706 "C:\Program Files (x86)\Microchip\xc8\v1.45\include\pic18f4550.h"
   431                           UEP8 equ 0F78h ;# 
   432  0000                     # 1782 "C:\Program Files (x86)\Microchip\xc8\v1.45\include\pic18f4550.h"
   433                           UEP9 equ 0F79h ;# 
   434  0000                     # 1858 "C:\Program Files (x86)\Microchip\xc8\v1.45\include\pic18f4550.h"
   435                           UEP10 equ 0F7Ah ;# 
   436  0000                     # 1934 "C:\Program Files (x86)\Microchip\xc8\v1.45\include\pic18f4550.h"
   437                           UEP11 equ 0F7Bh ;# 
   438  0000                     # 2010 "C:\Program Files (x86)\Microchip\xc8\v1.45\include\pic18f4550.h"
   439                           UEP12 equ 0F7Ch ;# 
   440  0000                     # 2086 "C:\Program Files (x86)\Microchip\xc8\v1.45\include\pic18f4550.h"
   441                           UEP13 equ 0F7Dh ;# 
   442  0000                     # 2162 "C:\Program Files (x86)\Microchip\xc8\v1.45\include\pic18f4550.h"
   443                           UEP14 equ 0F7Eh ;# 
   444  0000                     # 2238 "C:\Program Files (x86)\Microchip\xc8\v1.45\include\pic18f4550.h"
   445                           UEP15 equ 0F7Fh ;# 
   446  0000                     # 2314 "C:\Program Files (x86)\Microchip\xc8\v1.45\include\pic18f4550.h"
   447                           PORTA equ 0F80h ;# 
   448  0000                     # 2453 "C:\Program Files (x86)\Microchip\xc8\v1.45\include\pic18f4550.h"
   449                           PORTB equ 0F81h ;# 
   450  0000                     # 2563 "C:\Program Files (x86)\Microchip\xc8\v1.45\include\pic18f4550.h"
   451                           PORTC equ 0F82h ;# 
   452  0000                     # 2705 "C:\Program Files (x86)\Microchip\xc8\v1.45\include\pic18f4550.h"
   453                           PORTD equ 0F83h ;# 
   454  0000                     # 2826 "C:\Program Files (x86)\Microchip\xc8\v1.45\include\pic18f4550.h"
   455                           PORTE equ 0F84h ;# 
   456  0000                     # 2973 "C:\Program Files (x86)\Microchip\xc8\v1.45\include\pic18f4550.h"
   457                           LATA equ 0F89h ;# 
   458  0000                     # 3073 "C:\Program Files (x86)\Microchip\xc8\v1.45\include\pic18f4550.h"
   459                           LATB equ 0F8Ah ;# 
   460  0000                     # 3185 "C:\Program Files (x86)\Microchip\xc8\v1.45\include\pic18f4550.h"
   461                           LATC equ 0F8Bh ;# 
   462  0000                     # 3263 "C:\Program Files (x86)\Microchip\xc8\v1.45\include\pic18f4550.h"
   463                           LATD equ 0F8Ch ;# 
   464  0000                     # 3375 "C:\Program Files (x86)\Microchip\xc8\v1.45\include\pic18f4550.h"
   465                           LATE equ 0F8Dh ;# 
   466  0000                     # 3427 "C:\Program Files (x86)\Microchip\xc8\v1.45\include\pic18f4550.h"
   467                           TRISA equ 0F92h ;# 
   468  0000                     # 3432 "C:\Program Files (x86)\Microchip\xc8\v1.45\include\pic18f4550.h"
   469                           DDRA equ 0F92h ;# 
   470  0000                     # 3625 "C:\Program Files (x86)\Microchip\xc8\v1.45\include\pic18f4550.h"
   471                           TRISB equ 0F93h ;# 
   472  0000                     # 3630 "C:\Program Files (x86)\Microchip\xc8\v1.45\include\pic18f4550.h"
   473                           DDRB equ 0F93h ;# 
   474  0000                     # 3847 "C:\Program Files (x86)\Microchip\xc8\v1.45\include\pic18f4550.h"
   475                           TRISC equ 0F94h ;# 
   476  0000                     # 3852 "C:\Program Files (x86)\Microchip\xc8\v1.45\include\pic18f4550.h"
   477                           DDRC equ 0F94h ;# 
   478  0000                     # 4001 "C:\Program Files (x86)\Microchip\xc8\v1.45\include\pic18f4550.h"
   479                           TRISD equ 0F95h ;# 
   480  0000                     # 4006 "C:\Program Files (x86)\Microchip\xc8\v1.45\include\pic18f4550.h"
   481                           DDRD equ 0F95h ;# 
   482  0000                     # 4223 "C:\Program Files (x86)\Microchip\xc8\v1.45\include\pic18f4550.h"
   483                           TRISE equ 0F96h ;# 
   484  0000                     # 4228 "C:\Program Files (x86)\Microchip\xc8\v1.45\include\pic18f4550.h"
   485                           DDRE equ 0F96h ;# 
   486  0000                     # 4325 "C:\Program Files (x86)\Microchip\xc8\v1.45\include\pic18f4550.h"
   487                           OSCTUNE equ 0F9Bh ;# 
   488  0000                     # 4384 "C:\Program Files (x86)\Microchip\xc8\v1.45\include\pic18f4550.h"
   489                           PIE1 equ 0F9Dh ;# 
   490  0000                     # 4468 "C:\Program Files (x86)\Microchip\xc8\v1.45\include\pic18f4550.h"
   491                           PIR1 equ 0F9Eh ;# 
   492  0000                     # 4552 "C:\Program Files (x86)\Microchip\xc8\v1.45\include\pic18f4550.h"
   493                           IPR1 equ 0F9Fh ;# 
   494  0000                     # 4636 "C:\Program Files (x86)\Microchip\xc8\v1.45\include\pic18f4550.h"
   495                           PIE2 equ 0FA0h ;# 
   496  0000                     # 4707 "C:\Program Files (x86)\Microchip\xc8\v1.45\include\pic18f4550.h"
   497                           PIR2 equ 0FA1h ;# 
   498  0000                     # 4778 "C:\Program Files (x86)\Microchip\xc8\v1.45\include\pic18f4550.h"
   499                           IPR2 equ 0FA2h ;# 
   500  0000                     # 4849 "C:\Program Files (x86)\Microchip\xc8\v1.45\include\pic18f4550.h"
   501                           EECON1 equ 0FA6h ;# 
   502  0000                     # 4915 "C:\Program Files (x86)\Microchip\xc8\v1.45\include\pic18f4550.h"
   503                           EECON2 equ 0FA7h ;# 
   504  0000                     # 4922 "C:\Program Files (x86)\Microchip\xc8\v1.45\include\pic18f4550.h"
   505                           EEDATA equ 0FA8h ;# 
   506  0000                     # 4929 "C:\Program Files (x86)\Microchip\xc8\v1.45\include\pic18f4550.h"
   507                           EEADR equ 0FA9h ;# 
   508  0000                     # 4936 "C:\Program Files (x86)\Microchip\xc8\v1.45\include\pic18f4550.h"
   509                           RCSTA equ 0FABh ;# 
   510  0000                     # 4941 "C:\Program Files (x86)\Microchip\xc8\v1.45\include\pic18f4550.h"
   511                           RCSTA1 equ 0FABh ;# 
   512  0000                     # 5146 "C:\Program Files (x86)\Microchip\xc8\v1.45\include\pic18f4550.h"
   513                           TXSTA equ 0FACh ;# 
   514  0000                     # 5151 "C:\Program Files (x86)\Microchip\xc8\v1.45\include\pic18f4550.h"
   515                           TXSTA1 equ 0FACh ;# 
   516  0000                     # 5402 "C:\Program Files (x86)\Microchip\xc8\v1.45\include\pic18f4550.h"
   517                           TXREG equ 0FADh ;# 
   518  0000                     # 5407 "C:\Program Files (x86)\Microchip\xc8\v1.45\include\pic18f4550.h"
   519                           TXREG1 equ 0FADh ;# 
   520  0000                     # 5414 "C:\Program Files (x86)\Microchip\xc8\v1.45\include\pic18f4550.h"
   521                           RCREG equ 0FAEh ;# 
   522  0000                     # 5419 "C:\Program Files (x86)\Microchip\xc8\v1.45\include\pic18f4550.h"
   523                           RCREG1 equ 0FAEh ;# 
   524  0000                     # 5426 "C:\Program Files (x86)\Microchip\xc8\v1.45\include\pic18f4550.h"
   525                           SPBRG equ 0FAFh ;# 
   526  0000                     # 5431 "C:\Program Files (x86)\Microchip\xc8\v1.45\include\pic18f4550.h"
   527                           SPBRG1 equ 0FAFh ;# 
   528  0000                     # 5438 "C:\Program Files (x86)\Microchip\xc8\v1.45\include\pic18f4550.h"
   529                           SPBRGH equ 0FB0h ;# 
   530  0000                     # 5445 "C:\Program Files (x86)\Microchip\xc8\v1.45\include\pic18f4550.h"
   531                           T3CON equ 0FB1h ;# 
   532  0000                     # 5566 "C:\Program Files (x86)\Microchip\xc8\v1.45\include\pic18f4550.h"
   533                           TMR3 equ 0FB2h ;# 
   534  0000                     # 5573 "C:\Program Files (x86)\Microchip\xc8\v1.45\include\pic18f4550.h"
   535                           TMR3L equ 0FB2h ;# 
   536  0000                     # 5580 "C:\Program Files (x86)\Microchip\xc8\v1.45\include\pic18f4550.h"
   537                           TMR3H equ 0FB3h ;# 
   538  0000                     # 5587 "C:\Program Files (x86)\Microchip\xc8\v1.45\include\pic18f4550.h"
   539                           CMCON equ 0FB4h ;# 
   540  0000                     # 5677 "C:\Program Files (x86)\Microchip\xc8\v1.45\include\pic18f4550.h"
   541                           CVRCON equ 0FB5h ;# 
   542  0000                     # 5762 "C:\Program Files (x86)\Microchip\xc8\v1.45\include\pic18f4550.h"
   543                           ECCP1AS equ 0FB6h ;# 
   544  0000                     # 5767 "C:\Program Files (x86)\Microchip\xc8\v1.45\include\pic18f4550.h"
   545                           CCP1AS equ 0FB6h ;# 
   546  0000                     # 5924 "C:\Program Files (x86)\Microchip\xc8\v1.45\include\pic18f4550.h"
   547                           ECCP1DEL equ 0FB7h ;# 
   548  0000                     # 5929 "C:\Program Files (x86)\Microchip\xc8\v1.45\include\pic18f4550.h"
   549                           CCP1DEL equ 0FB7h ;# 
   550  0000                     # 6062 "C:\Program Files (x86)\Microchip\xc8\v1.45\include\pic18f4550.h"
   551                           BAUDCON equ 0FB8h ;# 
   552  0000                     # 6067 "C:\Program Files (x86)\Microchip\xc8\v1.45\include\pic18f4550.h"
   553                           BAUDCTL equ 0FB8h ;# 
   554  0000                     # 6242 "C:\Program Files (x86)\Microchip\xc8\v1.45\include\pic18f4550.h"
   555                           CCP2CON equ 0FBAh ;# 
   556  0000                     # 6306 "C:\Program Files (x86)\Microchip\xc8\v1.45\include\pic18f4550.h"
   557                           CCPR2 equ 0FBBh ;# 
   558  0000                     # 6313 "C:\Program Files (x86)\Microchip\xc8\v1.45\include\pic18f4550.h"
   559                           CCPR2L equ 0FBBh ;# 
   560  0000                     # 6320 "C:\Program Files (x86)\Microchip\xc8\v1.45\include\pic18f4550.h"
   561                           CCPR2H equ 0FBCh ;# 
   562  0000                     # 6327 "C:\Program Files (x86)\Microchip\xc8\v1.45\include\pic18f4550.h"
   563                           CCP1CON equ 0FBDh ;# 
   564  0000                     # 6332 "C:\Program Files (x86)\Microchip\xc8\v1.45\include\pic18f4550.h"
   565                           ECCP1CON equ 0FBDh ;# 
   566  0000                     # 6489 "C:\Program Files (x86)\Microchip\xc8\v1.45\include\pic18f4550.h"
   567                           CCPR1 equ 0FBEh ;# 
   568  0000                     # 6496 "C:\Program Files (x86)\Microchip\xc8\v1.45\include\pic18f4550.h"
   569                           CCPR1L equ 0FBEh ;# 
   570  0000                     # 6503 "C:\Program Files (x86)\Microchip\xc8\v1.45\include\pic18f4550.h"
   571                           CCPR1H equ 0FBFh ;# 
   572  0000                     # 6510 "C:\Program Files (x86)\Microchip\xc8\v1.45\include\pic18f4550.h"
   573                           ADCON2 equ 0FC0h ;# 
   574  0000                     # 6581 "C:\Program Files (x86)\Microchip\xc8\v1.45\include\pic18f4550.h"
   575                           ADCON1 equ 0FC1h ;# 
   576  0000                     # 6666 "C:\Program Files (x86)\Microchip\xc8\v1.45\include\pic18f4550.h"
   577                           ADCON0 equ 0FC2h ;# 
   578  0000                     # 6785 "C:\Program Files (x86)\Microchip\xc8\v1.45\include\pic18f4550.h"
   579                           ADRES equ 0FC3h ;# 
   580  0000                     # 6792 "C:\Program Files (x86)\Microchip\xc8\v1.45\include\pic18f4550.h"
   581                           ADRESL equ 0FC3h ;# 
   582  0000                     # 6799 "C:\Program Files (x86)\Microchip\xc8\v1.45\include\pic18f4550.h"
   583                           ADRESH equ 0FC4h ;# 
   584  0000                     # 6806 "C:\Program Files (x86)\Microchip\xc8\v1.45\include\pic18f4550.h"
   585                           SSPCON2 equ 0FC5h ;# 
   586  0000                     # 6868 "C:\Program Files (x86)\Microchip\xc8\v1.45\include\pic18f4550.h"
   587                           SSPCON1 equ 0FC6h ;# 
   588  0000                     # 6938 "C:\Program Files (x86)\Microchip\xc8\v1.45\include\pic18f4550.h"
   589                           SSPSTAT equ 0FC7h ;# 
   590  0000                     # 7186 "C:\Program Files (x86)\Microchip\xc8\v1.45\include\pic18f4550.h"
   591                           SSPADD equ 0FC8h ;# 
   592  0000                     # 7193 "C:\Program Files (x86)\Microchip\xc8\v1.45\include\pic18f4550.h"
   593                           SSPBUF equ 0FC9h ;# 
   594  0000                     # 7200 "C:\Program Files (x86)\Microchip\xc8\v1.45\include\pic18f4550.h"
   595                           T2CON equ 0FCAh ;# 
   596  0000                     # 7298 "C:\Program Files (x86)\Microchip\xc8\v1.45\include\pic18f4550.h"
   597                           PR2 equ 0FCBh ;# 
   598  0000                     # 7303 "C:\Program Files (x86)\Microchip\xc8\v1.45\include\pic18f4550.h"
   599                           MEMCON equ 0FCBh ;# 
   600  0000                     # 7408 "C:\Program Files (x86)\Microchip\xc8\v1.45\include\pic18f4550.h"
   601                           TMR2 equ 0FCCh ;# 
   602  0000                     # 7415 "C:\Program Files (x86)\Microchip\xc8\v1.45\include\pic18f4550.h"
   603                           T1CON equ 0FCDh ;# 
   604  0000                     # 7518 "C:\Program Files (x86)\Microchip\xc8\v1.45\include\pic18f4550.h"
   605                           TMR1 equ 0FCEh ;# 
   606  0000                     # 7525 "C:\Program Files (x86)\Microchip\xc8\v1.45\include\pic18f4550.h"
   607                           TMR1L equ 0FCEh ;# 
   608  0000                     # 7532 "C:\Program Files (x86)\Microchip\xc8\v1.45\include\pic18f4550.h"
   609                           TMR1H equ 0FCFh ;# 
   610  0000                     # 7539 "C:\Program Files (x86)\Microchip\xc8\v1.45\include\pic18f4550.h"
   611                           RCON equ 0FD0h ;# 
   612  0000                     # 7688 "C:\Program Files (x86)\Microchip\xc8\v1.45\include\pic18f4550.h"
   613                           WDTCON equ 0FD1h ;# 
   614  0000                     # 7716 "C:\Program Files (x86)\Microchip\xc8\v1.45\include\pic18f4550.h"
   615                           HLVDCON equ 0FD2h ;# 
   616  0000                     # 7721 "C:\Program Files (x86)\Microchip\xc8\v1.45\include\pic18f4550.h"
   617                           LVDCON equ 0FD2h ;# 
   618  0000                     # 7986 "C:\Program Files (x86)\Microchip\xc8\v1.45\include\pic18f4550.h"
   619                           OSCCON equ 0FD3h ;# 
   620  0000                     # 8069 "C:\Program Files (x86)\Microchip\xc8\v1.45\include\pic18f4550.h"
   621                           T0CON equ 0FD5h ;# 
   622  0000                     # 8139 "C:\Program Files (x86)\Microchip\xc8\v1.45\include\pic18f4550.h"
   623                           TMR0 equ 0FD6h ;# 
   624  0000                     # 8146 "C:\Program Files (x86)\Microchip\xc8\v1.45\include\pic18f4550.h"
   625                           TMR0L equ 0FD6h ;# 
   626  0000                     # 8153 "C:\Program Files (x86)\Microchip\xc8\v1.45\include\pic18f4550.h"
   627                           TMR0H equ 0FD7h ;# 
   628  0000                     # 8160 "C:\Program Files (x86)\Microchip\xc8\v1.45\include\pic18f4550.h"
   629                           STATUS equ 0FD8h ;# 
   630  0000                     # 8231 "C:\Program Files (x86)\Microchip\xc8\v1.45\include\pic18f4550.h"
   631                           FSR2 equ 0FD9h ;# 
   632  0000                     # 8238 "C:\Program Files (x86)\Microchip\xc8\v1.45\include\pic18f4550.h"
   633                           FSR2L equ 0FD9h ;# 
   634  0000                     # 8245 "C:\Program Files (x86)\Microchip\xc8\v1.45\include\pic18f4550.h"
   635                           FSR2H equ 0FDAh ;# 
   636  0000                     # 8252 "C:\Program Files (x86)\Microchip\xc8\v1.45\include\pic18f4550.h"
   637                           PLUSW2 equ 0FDBh ;# 
   638  0000                     # 8259 "C:\Program Files (x86)\Microchip\xc8\v1.45\include\pic18f4550.h"
   639                           PREINC2 equ 0FDCh ;# 
   640  0000                     # 8266 "C:\Program Files (x86)\Microchip\xc8\v1.45\include\pic18f4550.h"
   641                           POSTDEC2 equ 0FDDh ;# 
   642  0000                     # 8273 "C:\Program Files (x86)\Microchip\xc8\v1.45\include\pic18f4550.h"
   643                           POSTINC2 equ 0FDEh ;# 
   644  0000                     # 8280 "C:\Program Files (x86)\Microchip\xc8\v1.45\include\pic18f4550.h"
   645                           INDF2 equ 0FDFh ;# 
   646  0000                     # 8287 "C:\Program Files (x86)\Microchip\xc8\v1.45\include\pic18f4550.h"
   647                           BSR equ 0FE0h ;# 
   648  0000                     # 8294 "C:\Program Files (x86)\Microchip\xc8\v1.45\include\pic18f4550.h"
   649                           FSR1 equ 0FE1h ;# 
   650  0000                     # 8301 "C:\Program Files (x86)\Microchip\xc8\v1.45\include\pic18f4550.h"
   651                           FSR1L equ 0FE1h ;# 
   652  0000                     # 8308 "C:\Program Files (x86)\Microchip\xc8\v1.45\include\pic18f4550.h"
   653                           FSR1H equ 0FE2h ;# 
   654  0000                     # 8315 "C:\Program Files (x86)\Microchip\xc8\v1.45\include\pic18f4550.h"
   655                           PLUSW1 equ 0FE3h ;# 
   656  0000                     # 8322 "C:\Program Files (x86)\Microchip\xc8\v1.45\include\pic18f4550.h"
   657                           PREINC1 equ 0FE4h ;# 
   658  0000                     # 8329 "C:\Program Files (x86)\Microchip\xc8\v1.45\include\pic18f4550.h"
   659                           POSTDEC1 equ 0FE5h ;# 
   660  0000                     # 8336 "C:\Program Files (x86)\Microchip\xc8\v1.45\include\pic18f4550.h"
   661                           POSTINC1 equ 0FE6h ;# 
   662  0000                     # 8343 "C:\Program Files (x86)\Microchip\xc8\v1.45\include\pic18f4550.h"
   663                           INDF1 equ 0FE7h ;# 
   664  0000                     # 8350 "C:\Program Files (x86)\Microchip\xc8\v1.45\include\pic18f4550.h"
   665                           WREG equ 0FE8h ;# 
   666  0000                     # 8357 "C:\Program Files (x86)\Microchip\xc8\v1.45\include\pic18f4550.h"
   667                           FSR0 equ 0FE9h ;# 
   668  0000                     # 8364 "C:\Program Files (x86)\Microchip\xc8\v1.45\include\pic18f4550.h"
   669                           FSR0L equ 0FE9h ;# 
   670  0000                     # 8371 "C:\Program Files (x86)\Microchip\xc8\v1.45\include\pic18f4550.h"
   671                           FSR0H equ 0FEAh ;# 
   672  0000                     # 8378 "C:\Program Files (x86)\Microchip\xc8\v1.45\include\pic18f4550.h"
   673                           PLUSW0 equ 0FEBh ;# 
   674  0000                     # 8385 "C:\Program Files (x86)\Microchip\xc8\v1.45\include\pic18f4550.h"
   675                           PREINC0 equ 0FECh ;# 
   676  0000                     # 8392 "C:\Program Files (x86)\Microchip\xc8\v1.45\include\pic18f4550.h"
   677                           POSTDEC0 equ 0FEDh ;# 
   678  0000                     # 8399 "C:\Program Files (x86)\Microchip\xc8\v1.45\include\pic18f4550.h"
   679                           POSTINC0 equ 0FEEh ;# 
   680  0000                     # 8406 "C:\Program Files (x86)\Microchip\xc8\v1.45\include\pic18f4550.h"
   681                           INDF0 equ 0FEFh ;# 
   682  0000                     # 8413 "C:\Program Files (x86)\Microchip\xc8\v1.45\include\pic18f4550.h"
   683                           INTCON3 equ 0FF0h ;# 
   684  0000                     # 8505 "C:\Program Files (x86)\Microchip\xc8\v1.45\include\pic18f4550.h"
   685                           INTCON2 equ 0FF1h ;# 
   686  0000                     # 8582 "C:\Program Files (x86)\Microchip\xc8\v1.45\include\pic18f4550.h"
   687                           INTCON equ 0FF2h ;# 
   688  0000                     # 8699 "C:\Program Files (x86)\Microchip\xc8\v1.45\include\pic18f4550.h"
   689                           PROD equ 0FF3h ;# 
   690  0000                     # 8706 "C:\Program Files (x86)\Microchip\xc8\v1.45\include\pic18f4550.h"
   691                           PRODL equ 0FF3h ;# 
   692  0000                     # 8713 "C:\Program Files (x86)\Microchip\xc8\v1.45\include\pic18f4550.h"
   693                           PRODH equ 0FF4h ;# 
   694  0000                     # 8720 "C:\Program Files (x86)\Microchip\xc8\v1.45\include\pic18f4550.h"
   695                           TABLAT equ 0FF5h ;# 
   696  0000                     # 8729 "C:\Program Files (x86)\Microchip\xc8\v1.45\include\pic18f4550.h"
   697                           TBLPTR equ 0FF6h ;# 
   698  0000                     # 8736 "C:\Program Files (x86)\Microchip\xc8\v1.45\include\pic18f4550.h"
   699                           TBLPTRL equ 0FF6h ;# 
   700  0000                     # 8743 "C:\Program Files (x86)\Microchip\xc8\v1.45\include\pic18f4550.h"
   701                           TBLPTRH equ 0FF7h ;# 
   702  0000                     # 8750 "C:\Program Files (x86)\Microchip\xc8\v1.45\include\pic18f4550.h"
   703                           TBLPTRU equ 0FF8h ;# 
   704  0000                     # 8759 "C:\Program Files (x86)\Microchip\xc8\v1.45\include\pic18f4550.h"
   705                           PCLAT equ 0FF9h ;# 
   706  0000                     # 8766 "C:\Program Files (x86)\Microchip\xc8\v1.45\include\pic18f4550.h"
   707                           PC equ 0FF9h ;# 
   708  0000                     # 8773 "C:\Program Files (x86)\Microchip\xc8\v1.45\include\pic18f4550.h"
   709                           PCL equ 0FF9h ;# 
   710  0000                     # 8780 "C:\Program Files (x86)\Microchip\xc8\v1.45\include\pic18f4550.h"
   711                           PCLATH equ 0FFAh ;# 
   712  0000                     # 8787 "C:\Program Files (x86)\Microchip\xc8\v1.45\include\pic18f4550.h"
   713                           PCLATU equ 0FFBh ;# 
   714  0000                     # 8794 "C:\Program Files (x86)\Microchip\xc8\v1.45\include\pic18f4550.h"
   715                           STKPTR equ 0FFCh ;# 
   716  0000                     # 8870 "C:\Program Files (x86)\Microchip\xc8\v1.45\include\pic18f4550.h"
   717                           TOS equ 0FFDh ;# 
   718  0000                     # 8877 "C:\Program Files (x86)\Microchip\xc8\v1.45\include\pic18f4550.h"
   719                           TOSL equ 0FFDh ;# 
   720  0000                     # 8884 "C:\Program Files (x86)\Microchip\xc8\v1.45\include\pic18f4550.h"
   721                           TOSH equ 0FFEh ;# 
   722  0000                     # 8891 "C:\Program Files (x86)\Microchip\xc8\v1.45\include\pic18f4550.h"
   723                           TOSU equ 0FFFh ;# 
   724  0000                     	FNCALL	_main,_OpenXLCD
   725                           	FNCALL	_main,_WriteCmdXLCD
   726                           	FNCALL	_main,_WriteDataXLCD
   727                           	FNCALL	_main,___awdiv
   728                           	FNCALL	_main,___awmod
   729                           	FNCALL	_main,___lldiv
   730                           	FNCALL	_main,___lmul
   731                           	FNCALL	_main,___lwdiv
   732                           	FNCALL	_main,___lwmod
   733                           	FNCALL	_main,_escrever_EEPROM
   734                           	FNCALL	_main,_ler_ADC
   735                           	FNCALL	_main,_ler_EEPROM
   736                           	FNCALL	_main,_putsXLCD
   737                           	FNCALL	_main,_tocar_som
   738                           	FNCALL	_putsXLCD,_BusyXLCD
   739                           	FNCALL	_putsXLCD,_WriteDataXLCD
   740                           	FNCALL	_WriteDataXLCD,_DelayFor18TCY
   741                           	FNCALL	_OpenXLCD,_BusyXLCD
   742                           	FNCALL	_OpenXLCD,_DelayPORXLCD
   743                           	FNCALL	_OpenXLCD,_DelayXLCD
   744                           	FNCALL	_OpenXLCD,_SetDDRamAddr
   745                           	FNCALL	_OpenXLCD,_WriteCmdXLCD
   746                           	FNCALL	_WriteCmdXLCD,_DelayFor18TCY
   747                           	FNCALL	_SetDDRamAddr,_DelayFor18TCY
   748                           	FNCALL	_BusyXLCD,_DelayFor18TCY
   749                           	FNROOT	_main
   750                           	FNCALL	_isr,i2_tocar_som
   751                           	FNCALL	intlevel2,_isr
   752                           	global	intlevel2
   753                           	FNROOT	intlevel2
   754                           	global	_don_cheio
   755                           	global	_ka_vazio
   756                           	global	_hit_map
   757                           	global	_bgm_eva
   758                           psect	idataCOMRAM,class=CODE,space=0,delta=1,noexec
   759                           global __pidataCOMRAM
   760                           __pidataCOMRAM:
   761  001D6A                     	file	"TaikoPic.c"
   762                           	line	15
   763                           
   764                           ;initializer for _don_cheio
   765                           	db	low(0)
   766  001D6A  00                 	db	low(0Eh)
   767  001D6B  0E                 	db	low(01Fh)
   768  001D6C  1F                 	db	low(01Fh)
   769  001D6D  1F                 	db	low(01Fh)
   770  001D6E  1F                 	db	low(0Eh)
   771  001D6F  0E                 	db	low(0)
   772  001D70  00                 	db	low(0)
   773  001D71  00                 psect	idataBANK0,class=CODE,space=0,delta=1,noexec
   774                           global __pidataBANK0
   775                           __pidataBANK0:
   776  001D72                     	line	16
   777                           
   778                           ;initializer for _ka_vazio
   779                           	db	low(0)
   780  001D72  00                 	db	low(0Eh)
   781  001D73  0E                 	db	low(011h)
   782  001D74  11                 	db	low(011h)
   783  001D75  11                 	db	low(011h)
   784  001D76  11                 	db	low(0Eh)
   785  001D77  0E                 	db	low(0)
   786  001D78  00                 	db	low(0)
   787  001D79  00                 psect	idataBANK1,class=CODE,space=0,delta=1,noexec
   788                           global __pidataBANK1
   789                           __pidataBANK1:
   790  001ADA                     	line	27
   791                           
   792                           ;initializer for _hit_map
   793                           	db	low(01h)
   794  001ADA  01                 	db	low(02h)
   795  001ADB  02                 	db	low(01h)
   796  001ADC  01                 	db	low(02h)
   797  001ADD  02                 	db	low(01h)
   798  001ADE  01                 	db	low(02h)
   799  001ADF  02                 	db	low(01h)
   800  001AE0  01                 	db	low(0)
   801  001AE1  00                 	db	low(01h)
   802  001AE2  01                 	db	low(02h)
   803  001AE3  02                 	db	low(0)
   804  001AE4  00                 	db	low(0)
   805  001AE5  00                 	db	low(01h)
   806  001AE6  01                 	db	low(01h)
   807  001AE7  01                 	db	low(02h)
   808  001AE8  02                 	db	low(02h)
   809  001AE9  02                 	db	low(01h)
   810  001AEA  01                 	db	low(02h)
   811  001AEB  02                 	db	low(0)
   812  001AEC  00                 	db	low(01h)
   813  001AED  01                 	db	low(01h)
   814  001AEE  01                 	db	low(0)
   815  001AEF  00                 	db	low(0)
   816  001AF0  00                 	db	low(0)
   817  001AF1  00                 	db	low(02h)
   818  001AF2  02                 	db	low(02h)
   819  001AF3  02                 	db	low(02h)
   820  001AF4  02                 	db	low(02h)
   821  001AF5  02                 	db	low(01h)
   822  001AF6  01                 	db	low(0)
   823  001AF7  00                 	db	low(01h)
   824  001AF8  01                 	db	low(0)
   825  001AF9  00                 	db	low(02h)
   826  001AFA  02                 	db	low(01h)
   827  001AFB  01                 	db	low(02h)
   828  001AFC  02                 	db	low(01h)
   829  001AFD  01                 	db	low(02h)
   830  001AFE  02                 	db	low(0)
   831  001AFF  00                 	db	low(02h)
   832  001B00  02                 	db	low(0)
   833  001B01  00                 	db	low(01h)
   834  001B02  01                 	db	low(02h)
   835  001B03  02                 	db	low(01h)
   836  001B04  01                 	db	low(02h)
   837  001B05  02                 	db	low(01h)
   838  001B06  01                 	db	low(01h)
   839  001B07  01                 	db	low(01h)
   840  001B08  01                 	db	low(0)
   841  001B09  00                 	line	18
   842                           
   843                           ;initializer for _bgm_eva
   844                           	db	low(094h)
   845  001B0A  94                 	db	low(084h)
   846  001B0B  84                 	db	low(07Ch)
   847  001B0C  7C                 	db	low(06Eh)
   848  001B0D  6E                 	db	low(06Eh)
   849  001B0E  6E                 	db	low(07Ch)
   850  001B0F  7C                 	db	low(084h)
   851  001B10  84                 	db	low(0)
   852  001B11  00                 	db	low(07Ch)
   853  001B12  7C                 	db	low(06Eh)
   854  001B13  6E                 	db	low(0)
   855  001B14  00                 	db	low(0)
   856  001B15  00                 	db	low(062h)
   857  001B16  62                 	db	low(06Eh)
   858  001B17  6E                 	db	low(07Ch)
   859  001B18  7C                 	db	low(06Eh)
   860  001B19  6E                 	db	low(07Ch)
   861  001B1A  7C                 	db	low(084h)
   862  001B1B  84                 	db	low(0)
   863  001B1C  00                 	db	low(094h)
   864  001B1D  94                 	db	low(094h)
   865  001B1E  94                 	db	low(0)
   866  001B1F  00                 	db	low(0)
   867  001B20  00                 	db	low(0)
   868  001B21  00                 	db	low(062h)
   869  001B22  62                 	db	low(06Eh)
   870  001B23  6E                 	db	low(07Ch)
   871  001B24  7C                 	db	low(084h)
   872  001B25  84                 	db	low(094h)
   873  001B26  94                 	db	low(0)
   874  001B27  00                 	db	low(094h)
   875  001B28  94                 	db	low(0)
   876  001B29  00                 	db	low(084h)
   877  001B2A  84                 	db	low(07Ch)
   878  001B2B  7C                 	db	low(06Eh)
   879  001B2C  6E                 	db	low(07Ch)
   880  001B2D  7C                 	db	low(084h)
   881  001B2E  84                 	db	low(0)
   882  001B2F  00                 	db	low(084h)
   883  001B30  84                 	db	low(0)
   884  001B31  00                 	db	low(094h)
   885  001B32  94                 	db	low(084h)
   886  001B33  84                 	db	low(07Ch)
   887  001B34  7C                 	db	low(06Eh)
   888  001B35  6E                 	db	low(062h)
   889  001B36  62                 	db	low(052h)
   890  001B37  52                 	db	low(049h)
   891  001B38  49                 	db	low(0)
   892  001B39  00                 	global	_high_score
   893                           	global	_pontuacao
   894                           	global	_index_musica
   895                           	global	_carga_timer_h
   896                           	global	_mensagem_hit
   897                           	global	_flag_placar
   898                           	global	_flag_tick
   899                           	global	_beatmap_real
   900                           	global	_bgm_real
   901                           	global	_pista
   902                           	global	_T0CONbits
   903                           _T0CONbits	set	0xFD5
   904  0000                     	global	_T0CON
   905                           _T0CON	set	0xFD5
   906  0000                     	global	_RCONbits
   907                           _RCONbits	set	0xFD0
   908  0000                     	global	_PORTBbits
   909                           _PORTBbits	set	0xF81
   910  0000                     	global	_INTCON2bits
   911                           _INTCON2bits	set	0xFF1
   912  0000                     	global	_ADCON0
   913                           _ADCON0	set	0xFC2
   914  0000                     	global	_ADCON2
   915                           _ADCON2	set	0xFC0
   916  0000                     	global	_ADCON1
   917                           _ADCON1	set	0xFC1
   918  0000                     	global	_TRISE
   919                           _TRISE	set	0xF96
   920  0000                     	global	_TRISCbits
   921                           _TRISCbits	set	0xF94
   922  0000                     	global	_TRISB
   923                           _TRISB	set	0xF93
   924  0000                     	global	_INTCON3bits
   925                           _INTCON3bits	set	0xFF0
   926  0000                     	global	_TMR0L
   927                           _TMR0L	set	0xFD6
   928  0000                     	global	_TMR0H
   929                           _TMR0H	set	0xFD7
   930  0000                     	global	_ADRESL
   931                           _ADRESL	set	0xFC3
   932  0000                     	global	_ADRESH
   933                           _ADRESH	set	0xFC4
   934  0000                     	global	_ADCON0bits
   935                           _ADCON0bits	set	0xFC2
   936  0000                     	global	_CCP1CON
   937                           _CCP1CON	set	0xFBD
   938  0000                     	global	_T2CON
   939                           _T2CON	set	0xFCA
   940  0000                     	global	_T2CONbits
   941                           _T2CONbits	set	0xFCA
   942  0000                     	global	_CCPR1L
   943                           _CCPR1L	set	0xFBE
   944  0000                     	global	_PR2
   945                           _PR2	set	0xFCB
   946  0000                     	global	_EECON2
   947                           _EECON2	set	0xFA7
   948  0000                     	global	_INTCONbits
   949                           _INTCONbits	set	0xFF2
   950  0000                     	global	_EECON1bits
   951                           _EECON1bits	set	0xFA6
   952  0000                     	global	_EEDATA
   953                           _EEDATA	set	0xFA8
   954  0000                     	global	_EEADR
   955                           _EEADR	set	0xFA9
   956  0000                     	global	_LATEbits
   957                           _LATEbits	set	0xF8D
   958  0000                     	global	_TRISEbits
   959                           _TRISEbits	set	0xF96
   960  0000                     	global	_TRISD
   961                           _TRISD	set	0xF95
   962  0000                     	global	_PORTD
   963                           _PORTD	set	0xF83
   964  0000                     psect	smallconst,class=SMALLCONST,space=0,reloc=2,noexec
   965                           global __psmallconst
   966                           __psmallconst:
   967  000800                     	db	0
   968  000800  00                 	
   969                           STR_4:
   970  000801                     	db	80	;'P'
   971  000801  50                 	db	116	;'t'
   972  000802  74                 	db	115	;'s'
   973  000803  73                 	db	58	;':'
   974  000804  3A                 	db	48	;'0'
   975  000805  30                 	db	48	;'0'
   976  000806  30                 	db	48	;'0'
   977  000807  30                 	db	48	;'0'
   978  000808  30                 	db	32
   979  000809  20                 	db	32
   980  00080A  20                 	db	32
   981  00080B  20                 	db	32
   982  00080C  20                 	db	32
   983  00080D  20                 	db	32
   984  00080E  20                 	db	32
   985  00080F  20                 	db	32
   986  000810  20                 	db	0
   987  000811  00                 	
   988                           STR_7:
   989  000812                     	db	78	;'N'
   990  000812  4E                 	db	79	;'O'
   991  000813  4F                 	db	86	;'V'
   992  000814  56                 	db	79	;'O'
   993  000815  4F                 	db	32
   994  000816  20                 	db	82	;'R'
   995  000817  52                 	db	69	;'E'
   996  000818  45                 	db	67	;'C'
   997  000819  43                 	db	79	;'O'
   998  00081A  4F                 	db	82	;'R'
   999  00081B  52                 	db	68	;'D'
  1000  00081C  44                 	db	69	;'E'
  1001  00081D  45                 	db	33
  1002  00081E  21                 	db	32
  1003  00081F  20                 	db	32
  1004  000820  20                 	db	32
  1005  000821  20                 	db	0
  1006  000822  00                 	
  1007                           STR_1:
  1008  000823                     	db	65	;'A'
  1009  000823  41                 	db	112	;'p'
  1010  000824  70                 	db	101	;'e'
  1011  000825  65                 	db	114	;'r'
  1012  000826  72                 	db	116	;'t'
  1013  000827  74                 	db	101	;'e'
  1014  000828  65                 	db	32
  1015  000829  20                 	db	79	;'O'
  1016  00082A  4F                 	db	32
  1017  00082B  20                 	db	40
  1018  00082C  28                 	db	83	;'S'
  1019  00082D  53                 	db	116	;'t'
  1020  00082E  74                 	db	97	;'a'
  1021  00082F  61                 	db	114	;'r'
  1022  000830  72                 	db	116	;'t'
  1023  000831  74                 	db	41
  1024  000832  29                 	db	0
  1025  000833  00                 	
  1026                           STR_2:
  1027  000834                     	db	86	;'V'
  1028  000834  56                 	db	101	;'e'
  1029  000835  65                 	db	108	;'l'
  1030  000836  6C                 	db	111	;'o'
  1031  000837  6F                 	db	99	;'c'
  1032  000838  63                 	db	105	;'i'
  1033  000839  69                 	db	100	;'d'
  1034  00083A  64                 	db	97	;'a'
  1035  00083B  61                 	db	100	;'d'
  1036  00083C  64                 	db	101	;'e'
  1037  00083D  65                 	db	58	;':'
  1038  00083E  3A                 	db	32
  1039  00083F  20                 	db	0
  1040  000840  00                 	
  1041                           STR_5:
  1042  000841                     	db	65	;'A'
  1043  000841  41                 	db	67	;'C'
  1044  000842  43                 	db	69	;'E'
  1045  000843  45                 	db	82	;'R'
  1046  000844  52                 	db	84	;'T'
  1047  000845  54                 	db	79	;'O'
  1048  000846  4F                 	db	33
  1049  000847  21                 	db	0
  1050  000848  00                 	
  1051                           STR_6:
  1052  000849                     	db	32
  1053  000849  20                 	db	69	;'E'
  1054  00084A  45                 	db	82	;'R'
  1055  00084B  52                 	db	82	;'R'
  1056  00084C  52                 	db	79	;'O'
  1057  00084D  4F                 	db	33
  1058  00084E  21                 	db	0
  1059  00084F  00                 	
  1060                           STR_11:
  1061  000850                     	db	32
  1062  000850  20                 	db	45
  1063  000851  2D                 	db	62	;'>'
  1064  000852  3E                 	db	40
  1065  000853  28                 	db	79	;'O'
  1066  000854  4F                 	db	41
  1067  000855  29                 	db	0
  1068  000856  00                 	
  1069                           STR_8:
  1070  000857                     	db	80	;'P'
  1071  000857  50                 	db	116	;'t'
  1072  000858  74                 	db	115	;'s'
  1073  000859  73                 	db	58	;':'
  1074  00085A  3A                 	db	32
  1075  00085B  20                 	db	0
  1076  00085C  00                 	
  1077                           STR_10:
  1078  00085D                     	db	77	;'M'
  1079  00085D  4D                 	db	97	;'a'
  1080  00085E  61                 	db	120	;'x'
  1081  00085F  78                 	db	58	;':'
  1082  000860  3A                 	db	32
  1083  000861  20                 	db	0
  1084  000862  00                 	
  1085                           STR_9:
  1086  000863                     	db	32
  1087  000863  20                 	db	70	;'F'
  1088  000864  46                 	db	73	;'I'
  1089  000865  49                 	db	77	;'M'
  1090  000866  4D                 	db	33
  1091  000867  21                 	db	0
  1092  000868  00                 	
  1093                           STR_3:
  1094  000869                     	db	37
  1095  000869  25                 	db	32
  1096  00086A  20                 	db	0
  1097  00086B  00                 ; #config settings
  1098                           global __CFG_PLLDIV$5
  1099                           __CFG_PLLDIV$5 equ 0x0
  1100  0000                     global __CFG_CPUDIV$OSC1_PLL2
  1101                           __CFG_CPUDIV$OSC1_PLL2 equ 0x0
  1102  0000                     global __CFG_FOSC$HS
  1103                           __CFG_FOSC$HS equ 0x0
  1104  0000                     global __CFG_WDT$OFF
  1105                           __CFG_WDT$OFF equ 0x0
  1106  0000                     global __CFG_PBADEN$OFF
  1107                           __CFG_PBADEN$OFF equ 0x0
  1108  0000                     global __CFG_LVP$OFF
  1109                           __CFG_LVP$OFF equ 0x0
  1110  0000                     global __CFG_DEBUG$OFF
  1111                           __CFG_DEBUG$OFF equ 0x0
  1112  0000                     	file	"C:\Users\Aluno\AppData\Local\Temp\scoc."
  1113                           	line	#
  1114                           psect	cinit,class=CODE,delta=1,reloc=2
  1115                           global __pcinit
  1116                           __pcinit:
  1117  0018DE                     global start_initialization
  1118                           start_initialization:
  1119  0018DE                     
  1120                           global __initialization
  1121                           __initialization:
  1122  0018DE                     psect	bssCOMRAM,class=COMRAM,space=1,noexec
  1123                           global __pbssCOMRAM
  1124                           __pbssCOMRAM:
  1125  000032                     	global	_high_score
  1126                           _high_score:
  1127  000032                            ds      2
  1128  000032                     	global	_pontuacao
  1129                           _pontuacao:
  1130  000034                            ds      2
  1131  000034                     	global	_index_musica
  1132                           _index_musica:
  1133  000036                            ds      2
  1134  000036                     	global	_carga_timer_h
  1135                           _carga_timer_h:
  1136  000038                            ds      1
  1137  000038                     	global	_mensagem_hit
  1138                           _mensagem_hit:
  1139  000039                            ds      1
  1140  000039                     	global	_flag_placar
  1141                           _flag_placar:
  1142  00003A                            ds      1
  1143  00003A                     	global	_flag_tick
  1144                           _flag_tick:
  1145  00003B                            ds      1
  1146  00003B                     psect	dataCOMRAM,class=COMRAM,space=1,noexec
  1147                           global __pdataCOMRAM
  1148                           __pdataCOMRAM:
  1149  00003C                     	file	"TaikoPic.c"
  1150                           	line	15
  1151                           	global	_don_cheio
  1152                           _don_cheio:
  1153  00003C                            ds      8
  1154  00003C                     psect	bssBANK0,class=BANK0,space=1,noexec,lowdata
  1155                           global __pbssBANK0
  1156                           __pbssBANK0:
  1157  000060                     	global	_beatmap_real
  1158                           _beatmap_real:
  1159  000060                            ds      62
  1160  000060                     	global	_bgm_real
  1161                           _bgm_real:
  1162  00009E                            ds      62
  1163  00009E                     	global	_pista
  1164                           _pista:
  1165  0000DC                            ds      16
  1166  0000DC                     psect	dataBANK0,class=BANK0,space=1,noexec,lowdata
  1167                           global __pdataBANK0
  1168                           __pdataBANK0:
  1169  0000EC                     	file	"TaikoPic.c"
  1170                           	line	16
  1171                           	global	_ka_vazio
  1172                           _ka_vazio:
  1173  0000EC                            ds      8
  1174  0000EC                     psect	dataBANK1,class=BANK1,space=1,noexec,lowdata
  1175                           global __pdataBANK1
  1176                           __pdataBANK1:
  1177  000100                     	file	"TaikoPic.c"
  1178                           	line	27
  1179                           	global	_hit_map
  1180                           _hit_map:
  1181  000100                            ds      48
  1182  000100                     psect	dataBANK1
  1183                           	file	"TaikoPic.c"
  1184                           	line	18
  1185                           	global	_bgm_eva
  1186                           _bgm_eva:
  1187  000130                            ds      48
  1188  000130                     	file	"C:\Users\Aluno\AppData\Local\Temp\scoc."
  1189                           	line	#
  1190                           psect	cinit
  1191                           ; Initialize objects allocated to BANK1 (96 bytes)
  1192                           	global __pidataBANK1
  1193                           	; load TBLPTR registers with __pidataBANK1
  1194                           	movlw	low (__pidataBANK1)
  1195  0018DE  0EDA               	movwf	tblptrl
  1196  0018E0  6EF6               	movlw	high(__pidataBANK1)
  1197  0018E2  0E1A               	movwf	tblptrh
  1198  0018E4  6EF7               	movlw	low highword(__pidataBANK1)
  1199  0018E6  0E00               	movwf	tblptru
  1200  0018E8  6EF8               	lfsr	0,__pdataBANK1
  1201  0018EA  EE01  F000         	lfsr	1,96
  1202  0018EE  EE10 F060          	copy_data0:
  1203  0018F2                     	tblrd	*+
  1204  0018F2  0009               	movff	tablat, postinc0
  1205  0018F4  CFF5 FFEE          	movf	postdec1,w
  1206  0018F8  50E5               	movf	fsr1l,w
  1207  0018FA  50E1               	bnz	copy_data0
  1208  0018FC  E1FA               ; Initialize objects allocated to BANK0 (8 bytes)
  1209                           	global __pidataBANK0
  1210                           	; load TBLPTR registers with __pidataBANK0
  1211                           	movlw	low (__pidataBANK0)
  1212  0018FE  0E72               	movwf	tblptrl
  1213  001900  6EF6               	movlw	high(__pidataBANK0)
  1214  001902  0E1D               	movwf	tblptrh
  1215  001904  6EF7               	movlw	low highword(__pidataBANK0)
  1216  001906  0E00               	movwf	tblptru
  1217  001908  6EF8               	lfsr	0,__pdataBANK0
  1218  00190A  EE00  F0EC         	lfsr	1,8
  1219  00190E  EE10 F008          	copy_data1:
  1220  001912                     	tblrd	*+
  1221  001912  0009               	movff	tablat, postinc0
  1222  001914  CFF5 FFEE          	movf	postdec1,w
  1223  001918  50E5               	movf	fsr1l,w
  1224  00191A  50E1               	bnz	copy_data1
  1225  00191C  E1FA               ; Initialize objects allocated to COMRAM (8 bytes)
  1226                           	global __pidataCOMRAM
  1227                           	; load TBLPTR registers with __pidataCOMRAM
  1228                           	movlw	low (__pidataCOMRAM)
  1229  00191E  0E6A               	movwf	tblptrl
  1230  001920  6EF6               	movlw	high(__pidataCOMRAM)
  1231  001922  0E1D               	movwf	tblptrh
  1232  001924  6EF7               	movlw	low highword(__pidataCOMRAM)
  1233  001926  0E00               	movwf	tblptru
  1234  001928  6EF8               	lfsr	0,__pdataCOMRAM
  1235  00192A  EE00  F03C         	lfsr	1,8
  1236  00192E  EE10 F008          	copy_data2:
  1237  001932                     	tblrd	*+
  1238  001932  0009               	movff	tablat, postinc0
  1239  001934  CFF5 FFEE          	movf	postdec1,w
  1240  001938  50E5               	movf	fsr1l,w
  1241  00193A  50E1               	bnz	copy_data2
  1242  00193C  E1FA               	line	#
  1243                           ; Clear objects allocated to BANK0 (140 bytes)
  1244                           	global __pbssBANK0
  1245                           lfsr	0,__pbssBANK0
  1246  00193E  EE00  F060         movlw	140
  1247  001942  0E8C               clear_0:
  1248  001944                     clrf	postinc0,c
  1249  001944  6AEE               decf	wreg
  1250  001946  06E8               bnz	clear_0
  1251  001948  E1FD               ; Clear objects allocated to COMRAM (10 bytes)
  1252                           	global __pbssCOMRAM
  1253                           lfsr	0,__pbssCOMRAM
  1254  00194A  EE00  F032         movlw	10
  1255  00194E  0E0A               clear_1:
  1256  001950                     clrf	postinc0,c
  1257  001950  6AEE               decf	wreg
  1258  001952  06E8               bnz	clear_1
  1259  001954  E1FD               psect cinit,class=CODE,delta=1
  1260                           global end_of_initialization,__end_of__initialization
  1261                           
  1262                           ;End of C runtime variable initialization code
  1263                           
  1264                           end_of_initialization:
  1265  001956                     __end_of__initialization:
  1266  001956                     	bcf int$flags,0,c ;clear compiler interrupt flag (level 1)
  1267  001956  9044               	bcf int$flags,1,c ;clear compiler interrupt flag (level 2)
  1268  001958  9244               	GLOBAL	__Lsmallconst
  1269                           	movlw	low highword(__Lsmallconst)
  1270  00195A  0E00               	movwf	tblptru
  1271  00195C  6EF8               	movlw	high(__Lsmallconst)
  1272  00195E  0E08               	movwf	tblptrh
  1273  001960  6EF7               movlb 0
  1274  001962  0100               goto _main	;jump to C main() function
  1275  001964  EF37  F004         psect	cstackBANK1,class=BANK1,space=1,noexec
  1276                           global __pcstackBANK1
  1277                           __pcstackBANK1:
  1278  000160                     	global	main@valor_adc
  1279                           main@valor_adc:	; 2 bytes @ 0x0
  1280  000160                     	ds   2
  1281  000160                     	global	main@porcentagem
  1282                           main@porcentagem:	; 2 bytes @ 0x2
  1283  000162                     	ds   2
  1284  000162                     	global	main@i_675
  1285                           main@i_675:	; 2 bytes @ 0x4
  1286  000164                     	ds   2
  1287  000164                     	global	main@i_676
  1288                           main@i_676:	; 2 bytes @ 0x6
  1289  000166                     	ds   2
  1290  000166                     	global	main@i_686
  1291                           main@i_686:	; 2 bytes @ 0x8
  1292  000168                     	ds   2
  1293  000168                     	global	main@i_711
  1294                           main@i_711:	; 2 bytes @ 0xA
  1295  00016A                     	ds   2
  1296  00016A                     	global	main@i_712
  1297                           main@i_712:	; 2 bytes @ 0xC
  1298  00016C                     	ds   2
  1299  00016C                     	global	main@i
  1300                           main@i:	; 2 bytes @ 0xE
  1301  00016E                     	ds   2
  1302  00016E                     psect	cstackBANK0,class=BANK0,space=1,noexec
  1303                           global __pcstackBANK0
  1304                           __pcstackBANK0:
  1305  0000F4                     ??_main:	; 1 bytes @ 0x0
  1306  0000F4                     	ds   4
  1307  0000F4                     psect	cstackCOMRAM,class=COMRAM,space=1,noexec
  1308                           global __pcstackCOMRAM
  1309                           __pcstackCOMRAM:
  1310  000001                     ?_WriteCmdXLCD:	; 1 bytes @ 0x0
  1311  000001                     ?_BusyXLCD:	; 1 bytes @ 0x0
  1312  000001                     ?_SetDDRamAddr:	; 1 bytes @ 0x0
  1313  000001                     ?_DelayFor18TCY:	; 1 bytes @ 0x0
  1314  000001                     ?_DelayPORXLCD:	; 1 bytes @ 0x0
  1315  000001                     ?_DelayXLCD:	; 1 bytes @ 0x0
  1316  000001                     ?_OpenXLCD:	; 1 bytes @ 0x0
  1317  000001                     ?_WriteDataXLCD:	; 1 bytes @ 0x0
  1318  000001                     ?_ler_EEPROM:	; 1 bytes @ 0x0
  1319  000001                     ?_tocar_som:	; 1 bytes @ 0x0
  1320  000001                     ?_isr:	; 1 bytes @ 0x0
  1321  000001                     ?_main:	; 1 bytes @ 0x0
  1322  000001                     ?i2_tocar_som:	; 1 bytes @ 0x0
  1323  000001                     ??i2_tocar_som:	; 1 bytes @ 0x0
  1324  000001                     	ds   2
  1325  000001                     	global	i2tocar_som@tipo
  1326                           i2tocar_som@tipo:	; 1 bytes @ 0x2
  1327  000003                     	ds   1
  1328  000003                     	global	i2tocar_som@pr2_antigo
  1329                           i2tocar_som@pr2_antigo:	; 1 bytes @ 0x3
  1330  000004                     	ds   1
  1331  000004                     	global	i2tocar_som@ccpr1l_antigo
  1332                           i2tocar_som@ccpr1l_antigo:	; 1 bytes @ 0x4
  1333  000005                     	ds   1
  1334  000005                     	global	i2tocar_som@timer2_on
  1335                           i2tocar_som@timer2_on:	; 1 bytes @ 0x5
  1336  000006                     	ds   1
  1337  000006                     ??_isr:	; 1 bytes @ 0x6
  1338  000007                     	ds   18
  1339  000007                     ??_WriteCmdXLCD:	; 1 bytes @ 0x18
  1340  000019                     ??_BusyXLCD:	; 1 bytes @ 0x18
  1341  000019                     ??_SetDDRamAddr:	; 1 bytes @ 0x18
  1342  000019                     ??_DelayFor18TCY:	; 1 bytes @ 0x18
  1343  000019                     ??_DelayPORXLCD:	; 1 bytes @ 0x18
  1344  000019                     ??_DelayXLCD:	; 1 bytes @ 0x18
  1345  000019                     ??_WriteDataXLCD:	; 1 bytes @ 0x18
  1346  000019                     ?_escrever_EEPROM:	; 1 bytes @ 0x18
  1347  000019                     ??_ler_EEPROM:	; 1 bytes @ 0x18
  1348  000019                     ??_tocar_som:	; 1 bytes @ 0x18
  1349  000019                     	global	?_ler_ADC
  1350                           ?_ler_ADC:	; 2 bytes @ 0x18
  1351  000019                     	global	?___awdiv
  1352                           ?___awdiv:	; 2 bytes @ 0x18
  1353  000019                     	global	?___lwdiv
  1354                           ?___lwdiv:	; 2 bytes @ 0x18
  1355  000019                     	global	?___lmul
  1356                           ?___lmul:	; 4 bytes @ 0x18
  1357  000019                     	global	SetDDRamAddr@DDaddr
  1358                           SetDDRamAddr@DDaddr:	; 1 bytes @ 0x18
  1359  000019                     	global	WriteCmdXLCD@cmd
  1360                           WriteCmdXLCD@cmd:	; 1 bytes @ 0x18
  1361  000019                     	global	WriteDataXLCD@data
  1362                           WriteDataXLCD@data:	; 1 bytes @ 0x18
  1363  000019                     	global	escrever_EEPROM@dado
  1364                           escrever_EEPROM@dado:	; 1 bytes @ 0x18
  1365  000019                     	global	ler_EEPROM@endereco
  1366                           ler_EEPROM@endereco:	; 1 bytes @ 0x18
  1367  000019                     	global	___awdiv@dividend
  1368                           ___awdiv@dividend:	; 2 bytes @ 0x18
  1369  000019                     	global	___lwdiv@dividend
  1370                           ___lwdiv@dividend:	; 2 bytes @ 0x18
  1371  000019                     	global	___lmul@multiplier
  1372                           ___lmul@multiplier:	; 4 bytes @ 0x18
  1373  000019                     	ds   1
  1374  000019                     ??_OpenXLCD:	; 1 bytes @ 0x19
  1375  00001A                     ?_putsXLCD:	; 1 bytes @ 0x19
  1376  00001A                     ??_escrever_EEPROM:	; 1 bytes @ 0x19
  1377  00001A                     	global	OpenXLCD@lcdtype
  1378                           OpenXLCD@lcdtype:	; 1 bytes @ 0x19
  1379  00001A                     	global	escrever_EEPROM@endereco
  1380                           escrever_EEPROM@endereco:	; 1 bytes @ 0x19
  1381  00001A                     	global	putsXLCD@buffer
  1382                           putsXLCD@buffer:	; 2 bytes @ 0x19
  1383  00001A                     	ds   1
  1384  00001A                     ??_ler_ADC:	; 1 bytes @ 0x1A
  1385  00001B                     	global	escrever_EEPROM@status_gie
  1386                           escrever_EEPROM@status_gie:	; 1 bytes @ 0x1A
  1387  00001B                     	global	tocar_som@pr2_antigo
  1388                           tocar_som@pr2_antigo:	; 1 bytes @ 0x1A
  1389  00001B                     	global	___awdiv@divisor
  1390                           ___awdiv@divisor:	; 2 bytes @ 0x1A
  1391  00001B                     	global	___lwdiv@divisor
  1392                           ___lwdiv@divisor:	; 2 bytes @ 0x1A
  1393  00001B                     	ds   1
  1394  00001B                     ??_putsXLCD:	; 1 bytes @ 0x1B
  1395  00001C                     	global	tocar_som@ccpr1l_antigo
  1396                           tocar_som@ccpr1l_antigo:	; 1 bytes @ 0x1B
  1397  00001C                     	ds   1
  1398  00001C                     ??___awdiv:	; 1 bytes @ 0x1C
  1399  00001D                     ??___lwdiv:	; 1 bytes @ 0x1C
  1400  00001D                     	global	tocar_som@timer2_on
  1401                           tocar_som@timer2_on:	; 1 bytes @ 0x1C
  1402  00001D                     	global	___awdiv@counter
  1403                           ___awdiv@counter:	; 1 bytes @ 0x1C
  1404  00001D                     	global	___lwdiv@counter
  1405                           ___lwdiv@counter:	; 1 bytes @ 0x1C
  1406  00001D                     	global	___lmul@multiplicand
  1407                           ___lmul@multiplicand:	; 4 bytes @ 0x1C
  1408  00001D                     	ds   1
  1409  00001D                     	global	tocar_som@tipo
  1410                           tocar_som@tipo:	; 1 bytes @ 0x1D
  1411  00001E                     	global	___awdiv@sign
  1412                           ___awdiv@sign:	; 1 bytes @ 0x1D
  1413  00001E                     	global	___lwdiv@quotient
  1414                           ___lwdiv@quotient:	; 2 bytes @ 0x1D
  1415  00001E                     	ds   1
  1416  00001E                     	global	___awdiv@quotient
  1417                           ___awdiv@quotient:	; 2 bytes @ 0x1E
  1418  00001F                     	ds   1
  1419  00001F                     	global	?___lwmod
  1420                           ?___lwmod:	; 2 bytes @ 0x1F
  1421  000020                     	global	___lwmod@dividend
  1422                           ___lwmod@dividend:	; 2 bytes @ 0x1F
  1423  000020                     	ds   1
  1424  000020                     ??___lmul:	; 1 bytes @ 0x20
  1425  000021                     	global	?___awmod
  1426                           ?___awmod:	; 2 bytes @ 0x20
  1427  000021                     	global	___awmod@dividend
  1428                           ___awmod@dividend:	; 2 bytes @ 0x20
  1429  000021                     	global	___lmul@product
  1430                           ___lmul@product:	; 4 bytes @ 0x20
  1431  000021                     	ds   1
  1432  000021                     	global	___lwmod@divisor
  1433                           ___lwmod@divisor:	; 2 bytes @ 0x21
  1434  000022                     	ds   1
  1435  000022                     	global	___awmod@divisor
  1436                           ___awmod@divisor:	; 2 bytes @ 0x22
  1437  000023                     	ds   1
  1438  000023                     ??___lwmod:	; 1 bytes @ 0x23
  1439  000024                     	global	___lwmod@counter
  1440                           ___lwmod@counter:	; 1 bytes @ 0x23
  1441  000024                     	ds   1
  1442  000024                     ??___awmod:	; 1 bytes @ 0x24
  1443  000025                     	global	?___lldiv
  1444                           ?___lldiv:	; 4 bytes @ 0x24
  1445  000025                     	global	___awmod@counter
  1446                           ___awmod@counter:	; 1 bytes @ 0x24
  1447  000025                     	global	___lldiv@dividend
  1448                           ___lldiv@dividend:	; 4 bytes @ 0x24
  1449  000025                     	ds   1
  1450  000025                     	global	___awmod@sign
  1451                           ___awmod@sign:	; 1 bytes @ 0x25
  1452  000026                     	ds   3
  1453  000026                     	global	___lldiv@divisor
  1454                           ___lldiv@divisor:	; 4 bytes @ 0x28
  1455  000029                     	ds   4
  1456  000029                     ??___lldiv:	; 1 bytes @ 0x2C
  1457  00002D                     	global	___lldiv@quotient
  1458                           ___lldiv@quotient:	; 4 bytes @ 0x2C
  1459  00002D                     	ds   4
  1460  00002D                     	global	___lldiv@counter
  1461                           ___lldiv@counter:	; 1 bytes @ 0x30
  1462  000031                     	ds   1
  1463  000031                     ;!
  1464                           ;!Data Sizes:
  1465                           ;!    Strings     107
  1466                           ;!    Constant    0
  1467                           ;!    Data        112
  1468                           ;!    BSS         150
  1469                           ;!    Persistent  0
  1470                           ;!    Stack       0
  1471                           ;!
  1472                           ;!Auto Spaces:
  1473                           ;!    Space          Size  Autos    Used
  1474                           ;!    COMRAM           94     49      67
  1475                           ;!    BANK0           160      4     152
  1476                           ;!    BANK1           256     16     112
  1477                           ;!    BANK2           256      0       0
  1478                           ;!    BANK3           256      0       0
  1479                           ;!    BANK4           256      0       0
  1480                           ;!    BANK5           256      0       0
  1481                           ;!    BANK6           256      0       0
  1482                           ;!    BANK7           256      0       0
  1483                           
  1484                           ;!
  1485                           ;!Pointer List with Targets:
  1486                           ;!
  1487                           ;!    putsXLCD@buffer	PTR unsigned char  size(2) Largest target is 17
  1488                           ;!		 -> STR_11(CODE[7]), STR_10(CODE[6]), STR_9(CODE[6]), STR_8(CODE[6]), 
  1489                           ;!		 -> STR_7(CODE[17]), STR_6(CODE[7]), STR_5(CODE[8]), STR_4(CODE[17]), 
  1490                           ;!		 -> STR_3(CODE[3]), STR_2(CODE[13]), STR_1(CODE[17]), 
  1491                           ;!
  1492                           
  1493                           
  1494                           ;!
  1495                           ;!Critical Paths under _main in COMRAM
  1496                           ;!
  1497                           ;!    _main->___lldiv
  1498                           ;!    _putsXLCD->_WriteDataXLCD
  1499                           ;!    ___lwmod->___lwdiv
  1500                           ;!    ___lldiv->___lmul
  1501                           ;!    ___awmod->___awdiv
  1502                           ;!    _OpenXLCD->_DelayPORXLCD
  1503                           ;!    _OpenXLCD->_DelayXLCD
  1504                           ;!    _OpenXLCD->_SetDDRamAddr
  1505                           ;!    _OpenXLCD->_WriteCmdXLCD
  1506                           ;!
  1507                           ;!Critical Paths under _isr in COMRAM
  1508                           ;!
  1509                           ;!    _isr->i2_tocar_som
  1510                           ;!
  1511                           ;!Critical Paths under _main in BANK0
  1512                           ;!
  1513                           ;!    None.
  1514                           ;!
  1515                           ;!Critical Paths under _isr in BANK0
  1516                           ;!
  1517                           ;!    None.
  1518                           ;!
  1519                           ;!Critical Paths under _main in BANK1
  1520                           ;!
  1521                           ;!    None.
  1522                           ;!
  1523                           ;!Critical Paths under _isr in BANK1
  1524                           ;!
  1525                           ;!    None.
  1526                           ;!
  1527                           ;!Critical Paths under _main in BANK2
  1528                           ;!
  1529                           ;!    None.
  1530                           ;!
  1531                           ;!Critical Paths under _isr in BANK2
  1532                           ;!
  1533                           ;!    None.
  1534                           ;!
  1535                           ;!Critical Paths under _main in BANK3
  1536                           ;!
  1537                           ;!    None.
  1538                           ;!
  1539                           ;!Critical Paths under _isr in BANK3
  1540                           ;!
  1541                           ;!    None.
  1542                           ;!
  1543                           ;!Critical Paths under _main in BANK4
  1544                           ;!
  1545                           ;!    None.
  1546                           ;!
  1547                           ;!Critical Paths under _isr in BANK4
  1548                           ;!
  1549                           ;!    None.
  1550                           ;!
  1551                           ;!Critical Paths under _main in BANK5
  1552                           ;!
  1553                           ;!    None.
  1554                           ;!
  1555                           ;!Critical Paths under _isr in BANK5
  1556                           ;!
  1557                           ;!    None.
  1558                           ;!
  1559                           ;!Critical Paths under _main in BANK6
  1560                           ;!
  1561                           ;!    None.
  1562                           ;!
  1563                           ;!Critical Paths under _isr in BANK6
  1564                           ;!
  1565                           ;!    None.
  1566                           ;!
  1567                           ;!Critical Paths under _main in BANK7
  1568                           ;!
  1569                           ;!    None.
  1570                           ;!
  1571                           ;!Critical Paths under _isr in BANK7
  1572                           ;!
  1573                           ;!    None.
  1574                           
  1575 ;;
  1576 ;;Main: autosize = 0, tempsize = 4, incstack = 0, save=0
  1577 ;;
  1578                           
  1579                           ;!
  1580                           ;!Call Graph Tables:
  1581                           ;!
  1582                           ;! ---------------------------------------------------------------------------------
  1583                           ;! (Depth) Function   	        Calls       Base Space   Used Autos Params    Refs
  1584                           ;! ---------------------------------------------------------------------------------
  1585                           ;! (0) _main                                                20    20      0    9958
  1586                           ;!                                              0 BANK0      4     4      0
  1587                           ;!                                              0 BANK1     16    16      0
  1588                           ;!                           _OpenXLCD
  1589                           ;!                       _WriteCmdXLCD
  1590                           ;!                      _WriteDataXLCD
  1591                           ;!                            ___awdiv
  1592                           ;!                            ___awmod
  1593                           ;!                            ___lldiv
  1594                           ;!                             ___lmul
  1595                           ;!                            ___lwdiv
  1596                           ;!                            ___lwmod
  1597                           ;!                    _escrever_EEPROM
  1598                           ;!                            _ler_ADC
  1599                           ;!                         _ler_EEPROM
  1600                           ;!                           _putsXLCD
  1601                           ;!                          _tocar_som
  1602                           ;! ---------------------------------------------------------------------------------
  1603                           ;! (1) _tocar_som                                            6     6      0     164
  1604                           ;!                                             24 COMRAM     6     6      0
  1605                           ;! ---------------------------------------------------------------------------------
  1606                           ;! (1) _putsXLCD                                             2     0      2    1117
  1607                           ;!                                             25 COMRAM     2     0      2
  1608                           ;!                           _BusyXLCD
  1609                           ;!                      _WriteDataXLCD
  1610                           ;! ---------------------------------------------------------------------------------
  1611                           ;! (2) _WriteDataXLCD                                        1     1      0      62
  1612                           ;!                                             24 COMRAM     1     1      0
  1613                           ;!                      _DelayFor18TCY
  1614                           ;! ---------------------------------------------------------------------------------
  1615                           ;! (1) _ler_EEPROM                                           1     1      0      31
  1616                           ;!                                             24 COMRAM     1     1      0
  1617                           ;! ---------------------------------------------------------------------------------
  1618                           ;! (1) _ler_ADC                                              4     2      2       0
  1619                           ;!                                             24 COMRAM     4     2      2
  1620                           ;! ---------------------------------------------------------------------------------
  1621                           ;! (1) _escrever_EEPROM                                      3     2      1     276
  1622                           ;!                                             24 COMRAM     3     2      1
  1623                           ;! ---------------------------------------------------------------------------------
  1624                           ;! (1) ___lwmod                                              5     1      4    2392
  1625                           ;!                                             31 COMRAM     5     1      4
  1626                           ;!                            ___lwdiv (ARG)
  1627                           ;! ---------------------------------------------------------------------------------
  1628                           ;! (1) ___lwdiv                                              7     3      4    1861
  1629                           ;!                                             24 COMRAM     7     3      4
  1630                           ;! ---------------------------------------------------------------------------------
  1631                           ;! (1) ___lmul                                              12     4      8     636
  1632                           ;!                                             24 COMRAM    12     4      8
  1633                           ;! ---------------------------------------------------------------------------------
  1634                           ;! (1) ___lldiv                                             13     5      8     601
  1635                           ;!                                             36 COMRAM    13     5      8
  1636                           ;!                             ___lmul (ARG)
  1637                           ;! ---------------------------------------------------------------------------------
  1638                           ;! (1) ___awmod                                              6     2      4     793
  1639                           ;!                                             32 COMRAM     6     2      4
  1640                           ;!                            ___awdiv (ARG)
  1641                           ;! ---------------------------------------------------------------------------------
  1642                           ;! (1) ___awdiv                                              8     4      4     805
  1643                           ;!                                             24 COMRAM     8     4      4
  1644                           ;! ---------------------------------------------------------------------------------
  1645                           ;! (1) _OpenXLCD                                             1     1      0     155
  1646                           ;!                                             25 COMRAM     1     1      0
  1647                           ;!                           _BusyXLCD
  1648                           ;!                       _DelayPORXLCD
  1649                           ;!                          _DelayXLCD
  1650                           ;!                       _SetDDRamAddr
  1651                           ;!                       _WriteCmdXLCD
  1652                           ;! ---------------------------------------------------------------------------------
  1653                           ;! (1) _WriteCmdXLCD                                         1     1      0      62
  1654                           ;!                                             24 COMRAM     1     1      0
  1655                           ;!                      _DelayFor18TCY
  1656                           ;! ---------------------------------------------------------------------------------
  1657                           ;! (2) _SetDDRamAddr                                         1     1      0      62
  1658                           ;!                                             24 COMRAM     1     1      0
  1659                           ;!                      _DelayFor18TCY
  1660                           ;! ---------------------------------------------------------------------------------
  1661                           ;! (2) _DelayXLCD                                            1     1      0       0
  1662                           ;!                                             24 COMRAM     1     1      0
  1663                           ;! ---------------------------------------------------------------------------------
  1664                           ;! (2) _DelayPORXLCD                                         1     1      0       0
  1665                           ;!                                             24 COMRAM     1     1      0
  1666                           ;! ---------------------------------------------------------------------------------
  1667                           ;! (2) _BusyXLCD                                             0     0      0       0
  1668                           ;!                      _DelayFor18TCY
  1669                           ;! ---------------------------------------------------------------------------------
  1670                           ;! (3) _DelayFor18TCY                                        0     0      0       0
  1671                           ;! ---------------------------------------------------------------------------------
  1672                           ;! Estimated maximum stack depth 3
  1673                           ;! ---------------------------------------------------------------------------------
  1674                           ;! (Depth) Function   	        Calls       Base Space   Used Autos Params    Refs
  1675                           ;! ---------------------------------------------------------------------------------
  1676                           ;! (4) _isr                                                 18    18      0     113
  1677                           ;!                                              6 COMRAM    18    18      0
  1678                           ;!                        i2_tocar_som
  1679                           ;! ---------------------------------------------------------------------------------
  1680                           ;! (5) i2_tocar_som                                          6     6      0     113
  1681                           ;!                                              0 COMRAM     6     6      0
  1682                           ;! ---------------------------------------------------------------------------------
  1683                           ;! Estimated maximum stack depth 5
  1684                           ;! ---------------------------------------------------------------------------------
  1685                           ;!
  1686                           ;! Call Graph Graphs:
  1687                           ;!
  1688                           ;! _main (ROOT)
  1689                           ;!   _OpenXLCD
  1690                           ;!     _BusyXLCD
  1691                           ;!       _DelayFor18TCY
  1692                           ;!     _DelayPORXLCD
  1693                           ;!     _DelayXLCD
  1694                           ;!     _SetDDRamAddr
  1695                           ;!       _DelayFor18TCY
  1696                           ;!     _WriteCmdXLCD
  1697                           ;!       _DelayFor18TCY
  1698                           ;!   _WriteCmdXLCD
  1699                           ;!     _DelayFor18TCY
  1700                           ;!   _WriteDataXLCD
  1701                           ;!     _DelayFor18TCY
  1702                           ;!   ___awdiv
  1703                           ;!   ___awmod
  1704                           ;!     ___awdiv (ARG)
  1705                           ;!   ___lldiv
  1706                           ;!     ___lmul (ARG)
  1707                           ;!   ___lmul
  1708                           ;!   ___lwdiv
  1709                           ;!   ___lwmod
  1710                           ;!     ___lwdiv (ARG)
  1711                           ;!   _escrever_EEPROM
  1712                           ;!   _ler_ADC
  1713                           ;!   _ler_EEPROM
  1714                           ;!   _putsXLCD
  1715                           ;!     _BusyXLCD
  1716                           ;!       _DelayFor18TCY
  1717                           ;!     _WriteDataXLCD
  1718                           ;!       _DelayFor18TCY
  1719                           ;!   _tocar_som
  1720                           ;!
  1721                           ;! _isr (ROOT)
  1722                           ;!   i2_tocar_som
  1723                           ;!
  1724                           
  1725                           ;! Address spaces:
  1726                           
  1727                           ;!Name               Size   Autos  Total    Cost      Usage
  1728                           ;!BIGRAM             7FF      0       0      21        0.0%
  1729                           ;!EEDATA             100      0       0       0        0.0%
  1730                           ;!BITBANK7           100      0       0      18        0.0%
  1731                           ;!BANK7              100      0       0      19        0.0%
  1732                           ;!BITBANK6           100      0       0      16        0.0%
  1733                           ;!BANK6              100      0       0      17        0.0%
  1734                           ;!BITBANK5           100      0       0      14        0.0%
  1735                           ;!BANK5              100      0       0      15        0.0%
  1736                           ;!BITBANK4           100      0       0      12        0.0%
  1737                           ;!BANK4              100      0       0      13        0.0%
  1738                           ;!BITBANK3           100      0       0      10        0.0%
  1739                           ;!BANK3              100      0       0      11        0.0%
  1740                           ;!BITBANK2           100      0       0       8        0.0%
  1741                           ;!BANK2              100      0       0       9        0.0%
  1742                           ;!BITBANK1           100      0       0       6        0.0%
  1743                           ;!BANK1              100     10      70       7       43.8%
  1744                           ;!BITBANK0            A0      0       0       4        0.0%
  1745                           ;!BANK0               A0      4      98       5       95.0%
  1746                           ;!BITCOMRAM           5E      0       0       0        0.0%
  1747                           ;!COMRAM              5E     31      43       1       71.3%
  1748                           ;!BITSFR               0      0       0     200        0.0%
  1749                           ;!SFR                  0      0       0     200        0.0%
  1750                           ;!STACK                0      0       0       2        0.0%
  1751                           ;!NULL                 0      0       0       0        0.0%
  1752                           ;!ABS                  0      0     14B      20        0.0%
  1753                           ;!DATA                 0      0     14B       3        0.0%
  1754                           ;!CODE                 0      0       0       0        0.0%
  1755                           
  1756                           	global	_main
  1757                           
  1758 ;; *************** function _main *****************
  1759 ;; Defined at:
  1760 ;;		line 134 in file "TaikoPic.c"
  1761 ;; Parameters:    Size  Location     Type
  1762 ;;		None
  1763 ;; Auto vars:     Size  Location     Type
  1764 ;;  i               2   12[BANK1 ] int 
  1765 ;;  i               2   10[BANK1 ] int 
  1766 ;;  porcentagem     2    2[BANK1 ] int 
  1767 ;;  valor_adc       2    0[BANK1 ] unsigned int 
  1768 ;;  i               2    8[BANK1 ] int 
  1769 ;;  i               2    6[BANK1 ] int 
  1770 ;;  i               2    4[BANK1 ] int 
  1771 ;;  i               2   14[BANK1 ] int 
  1772 ;; Return value:  Size  Location     Type
  1773 ;;                  1    wreg      void 
  1774 ;; Registers used:
  1775 ;;		wreg, fsr1l, fsr1h, fsr2l, fsr2h, status,2, status,0, tblptrl, tblptrh, tblptru, cstack
  1776 ;; Tracked objects:
  1777 ;;		On entry : 0/0
  1778 ;;		On exit  : 0/0
  1779 ;;		Unchanged: 0/0
  1780 ;; Data sizes:     COMRAM   BANK0   BANK1   BANK2   BANK3   BANK4   BANK5   BANK6   BANK7
  1781 ;;      Params:         0       0       0       0       0       0       0       0       0
  1782 ;;      Locals:         0       0      16       0       0       0       0       0       0
  1783 ;;      Temps:          0       4       0       0       0       0       0       0       0
  1784 ;;      Totals:         0       4      16       0       0       0       0       0       0
  1785 ;;Total ram usage:       20 bytes
  1786 ;; Hardware stack levels required when called:    5
  1787 ;; This function calls:
  1788 ;;		_OpenXLCD
  1789 ;;		_WriteCmdXLCD
  1790 ;;		_WriteDataXLCD
  1791 ;;		___awdiv
  1792 ;;		___awmod
  1793 ;;		___lldiv
  1794 ;;		___lmul
  1795 ;;		___lwdiv
  1796 ;;		___lwmod
  1797 ;;		_escrever_EEPROM
  1798 ;;		_ler_ADC
  1799 ;;		_ler_EEPROM
  1800 ;;		_putsXLCD
  1801 ;;		_tocar_som
  1802 ;; This function is called by:
  1803 ;;		Startup code after reset
  1804 ;; This function uses a non-reentrant model
  1805 ;;
  1806                           psect	text0,class=CODE,space=0,reloc=2,group=0
  1807                           	file	"TaikoPic.c"
  1808                           	line	134
  1809                           global __ptext0
  1810                           __ptext0:
  1811  00086E                     psect	text0
  1812                           	file	"TaikoPic.c"
  1813                           	line	134
  1814                           	global	__size_of_main
  1815                           	__size_of_main	equ	__end_of_main-_main
  1816  0000                     	
  1817                           _main:
  1818  00086E                     ;incstack = 0
  1819                           	opt	stack 26
  1820                           	line	135
  1821                           	
  1822                           l2989:
  1823  00086E                     ;TaikoPic.c: 135: TRISB = 0xFF;
  1824                           	setf	((c:3987)),c	;volatile
  1825  00086E  6893               	line	136
  1826                           ;TaikoPic.c: 136: TRISCbits.TRISC2 = 0;
  1827                           	bcf	((c:3988)),c,2	;volatile
  1828  000870  9494               	line	137
  1829                           	
  1830                           l2991:
  1831  000872                     ;TaikoPic.c: 137: TRISD = 0x00;
  1832                           	movlw	low(0)
  1833  000872  0E00               	movwf	((c:3989)),c	;volatile
  1834  000874  6E95               	line	138
  1835                           ;TaikoPic.c: 138: TRISE = 0x00;
  1836                           	movlw	low(0)
  1837  000876  0E00               	movwf	((c:3990)),c	;volatile
  1838  000878  6E96               	line	139
  1839                           ;TaikoPic.c: 139: ADCON1 = 0x0E;
  1840                           	movlw	low(0Eh)
  1841  00087A  0E0E               	movwf	((c:4033)),c	;volatile
  1842  00087C  6EC1               	line	140
  1843                           ;TaikoPic.c: 140: ADCON2 = 0b10001010;
  1844                           	movlw	low(08Ah)
  1845  00087E  0E8A               	movwf	((c:4032)),c	;volatile
  1846  000880  6EC0               	line	141
  1847                           ;TaikoPic.c: 141: ADCON0 = 0b00000001;
  1848                           	movlw	low(01h)
  1849  000882  0E01               	movwf	((c:4034)),c	;volatile
  1850  000884  6EC2               	line	142
  1851                           	
  1852                           l2993:
  1853  000886                     ;TaikoPic.c: 142: INTCON2bits.INTEDG0 = 0;
  1854                           	bcf	((c:4081)),c,6	;volatile
  1855  000886  9CF1               	line	143
  1856                           	
  1857                           l2995:
  1858  000888                     ;TaikoPic.c: 143: INTCON2bits.INTEDG1 = 0;
  1859                           	bcf	((c:4081)),c,5	;volatile
  1860  000888  9AF1               	line	145
  1861                           ;TaikoPic.c: 145: for(int i=0; i<62; i++) {
  1862                           	movlw	high(0)
  1863  00088A  0E00               	movlb	1	; () banked
  1864  00088C  0101               	movwf	((main@i+1))&0ffh
  1865  00088E  6F6F               	movlw	low(0)
  1866  000890  0E00               	movwf	((main@i))&0ffh
  1867  000892  6F6E               	
  1868                           l2997:; BSR set to: 1
  1869  000894                     
  1870                           	btfsc	((main@i+1))&0ffh,7
  1871  000894  BF6F               	goto	u1961
  1872  000896  EF56  F004         	movf	((main@i+1))&0ffh,w
  1873  00089A  516F               	bnz	u1960
  1874  00089C  E109               	movlw	62
  1875  00089E  0E3E               	subwf	 ((main@i))&0ffh,w
  1876  0008A0  5D6E               	btfss	status,0
  1877  0008A2  A0D8               	goto	u1961
  1878  0008A4  EF56  F004         	goto	u1960
  1879  0008A8  EF58  F004         
  1880                           u1961:
  1881  0008AC                     	goto	l3001
  1882  0008AC  EF5C  F004         u1960:
  1883  0008B0                     	goto	l3017
  1884  0008B0  EFCC  F004         	
  1885                           l2999:; BSR set to: 1
  1886  0008B4                     
  1887                           	goto	l3017
  1888  0008B4  EFCC  F004         	
  1889                           l223:; BSR set to: 1
  1890  0008B8                     
  1891                           	line	146
  1892                           	
  1893                           l3001:; BSR set to: 1
  1894  0008B8                     
  1895                           ;TaikoPic.c: 146: if(i < 14) bgm_real[i] = 0;
  1896                           	btfsc	((main@i+1))&0ffh,7
  1897  0008B8  BF6F               	goto	u1970
  1898  0008BA  EF6A  F004         	movf	((main@i+1))&0ffh,w
  1899  0008BE  516F               	bnz	u1971
  1900  0008C0  E107               	movlw	14
  1901  0008C2  0E0E               	subwf	 ((main@i))&0ffh,w
  1902  0008C4  5D6E               	btfsc	status,0
  1903  0008C6  B0D8               	goto	u1971
  1904  0008C8  EF68  F004         	goto	u1970
  1905  0008CC  EF6A  F004         
  1906                           u1971:
  1907  0008D0                     	goto	l3005
  1908  0008D0  EF74  F004         u1970:
  1909  0008D4                     	
  1910                           l3003:; BSR set to: 1
  1911  0008D4                     
  1912                           	movlw	low(_bgm_real)
  1913  0008D4  0E9E               	addwf	((main@i))&0ffh,w
  1914  0008D6  256E               	movwf	c:fsr2l
  1915  0008D8  6ED9               	movlw	high(_bgm_real)
  1916  0008DA  0E00               	addwfc	((main@i+1))&0ffh,w
  1917  0008DC  216F               	movwf	1+c:fsr2l
  1918  0008DE  6EDA               	movlw	low(0)
  1919  0008E0  0E00               	movwf	indf2
  1920  0008E2  6EDF               	goto	l3007
  1921  0008E4  EF92  F004         	line	147
  1922                           	
  1923                           l225:; BSR set to: 1
  1924  0008E8                     
  1925                           	
  1926                           l3005:; BSR set to: 1
  1927  0008E8                     
  1928                           ;TaikoPic.c: 147: else bgm_real[i] = bgm_eva[i - 14];
  1929                           	movlw	low(0FFF2h)
  1930  0008E8  0EF2               	movlb	0	; () banked
  1931  0008EA  0100               	movwf	(??_main+0+0)&0ffh
  1932  0008EC  6FF4               	movlw	high(0FFF2h)
  1933  0008EE  0EFF               	movwf	1+(??_main+0+0)&0ffh
  1934  0008F0  6FF5               	movff	(main@i),??_main+2+0
  1935  0008F2  C16E  F0F6         	movff	(main@i+1),??_main+2+0+1
  1936  0008F6  C16F  F0F7         	movf	(??_main+0+0)&0ffh,w
  1937  0008FA  51F4               	addwf	(??_main+2+0)&0ffh
  1938  0008FC  27F6               	movf	(??_main+0+1)&0ffh,w
  1939  0008FE  51F5               	addwfc	(??_main+2+1)&0ffh
  1940  000900  23F7               	movlw	low(_bgm_eva)
  1941  000902  0E30               	addwf	(??_main+2+0)&0ffh,w
  1942  000904  25F6               	movwf	c:fsr2l
  1943  000906  6ED9               	movlw	high(_bgm_eva)
  1944  000908  0E01               	addwfc	(??_main+2+1)&0ffh,w
  1945  00090A  21F7               	movwf	1+c:fsr2l
  1946  00090C  6EDA               	movlw	low(_bgm_real)
  1947  00090E  0E9E               	movlb	1	; () banked
  1948  000910  0101               	addwf	((main@i))&0ffh,w
  1949  000912  256E               	movwf	c:fsr1l
  1950  000914  6EE1               	movlw	high(_bgm_real)
  1951  000916  0E00               	addwfc	((main@i+1))&0ffh,w
  1952  000918  216F               	movwf	1+c:fsr1l
  1953  00091A  6EE2               	movff	indf2,indf1
  1954  00091C  CFDF FFE7          	goto	l3007
  1955  000920  EF92  F004         	
  1956                           l226:; BSR set to: 1
  1957  000924                     
  1958                           	line	149
  1959                           	
  1960                           l3007:; BSR set to: 1
  1961  000924                     
  1962                           ;TaikoPic.c: 149: if(i < 48) beatmap_real[i] = hit_map[i];
  1963                           	btfsc	((main@i+1))&0ffh,7
  1964  000924  BF6F               	goto	u1980
  1965  000926  EFA0  F004         	movf	((main@i+1))&0ffh,w
  1966  00092A  516F               	bnz	u1981
  1967  00092C  E107               	movlw	48
  1968  00092E  0E30               	subwf	 ((main@i))&0ffh,w
  1969  000930  5D6E               	btfsc	status,0
  1970  000932  B0D8               	goto	u1981
  1971  000934  EF9E  F004         	goto	u1980
  1972  000938  EFA0  F004         
  1973                           u1981:
  1974  00093C                     	goto	l3011
  1975  00093C  EFB0  F004         u1980:
  1976  000940                     	
  1977                           l3009:; BSR set to: 1
  1978  000940                     
  1979                           	movlw	low(_hit_map)
  1980  000940  0E00               	addwf	((main@i))&0ffh,w
  1981  000942  256E               	movwf	c:fsr2l
  1982  000944  6ED9               	movlw	high(_hit_map)
  1983  000946  0E01               	addwfc	((main@i+1))&0ffh,w
  1984  000948  216F               	movwf	1+c:fsr2l
  1985  00094A  6EDA               	movlw	low(_beatmap_real)
  1986  00094C  0E60               	addwf	((main@i))&0ffh,w
  1987  00094E  256E               	movwf	c:fsr1l
  1988  000950  6EE1               	movlw	high(_beatmap_real)
  1989  000952  0E00               	addwfc	((main@i+1))&0ffh,w
  1990  000954  216F               	movwf	1+c:fsr1l
  1991  000956  6EE2               	movff	indf2,indf1
  1992  000958  CFDF FFE7          	goto	l3013
  1993  00095C  EFBA  F004         	line	150
  1994                           	
  1995                           l227:; BSR set to: 1
  1996  000960                     
  1997                           	
  1998                           l3011:; BSR set to: 1
  1999  000960                     
  2000                           ;TaikoPic.c: 150: else beatmap_real[i] = 0;
  2001                           	movlw	low(_beatmap_real)
  2002  000960  0E60               	addwf	((main@i))&0ffh,w
  2003  000962  256E               	movwf	c:fsr2l
  2004  000964  6ED9               	movlw	high(_beatmap_real)
  2005  000966  0E00               	addwfc	((main@i+1))&0ffh,w
  2006  000968  216F               	movwf	1+c:fsr2l
  2007  00096A  6EDA               	movlw	low(0)
  2008  00096C  0E00               	movwf	indf2
  2009  00096E  6EDF               	goto	l3013
  2010  000970  EFBA  F004         	
  2011                           l228:; BSR set to: 1
  2012  000974                     
  2013                           	line	145
  2014                           	
  2015                           l3013:; BSR set to: 1
  2016  000974                     
  2017                           	infsnz	((main@i))&0ffh
  2018  000974  4B6E               	incf	((main@i+1))&0ffh
  2019  000976  2B6F               	
  2020                           l3015:; BSR set to: 1
  2021  000978                     
  2022                           	btfsc	((main@i+1))&0ffh,7
  2023  000978  BF6F               	goto	u1991
  2024  00097A  EFC8  F004         	movf	((main@i+1))&0ffh,w
  2025  00097E  516F               	bnz	u1990
  2026  000980  E109               	movlw	62
  2027  000982  0E3E               	subwf	 ((main@i))&0ffh,w
  2028  000984  5D6E               	btfss	status,0
  2029  000986  A0D8               	goto	u1991
  2030  000988  EFC8  F004         	goto	u1990
  2031  00098C  EFCA  F004         
  2032                           u1991:
  2033  000990                     	goto	l3001
  2034  000990  EF5C  F004         u1990:
  2035  000994                     	goto	l3017
  2036  000994  EFCC  F004         	
  2037                           l224:; BSR set to: 1
  2038  000998                     
  2039                           	line	153
  2040                           	
  2041                           l3017:; BSR set to: 1
  2042  000998                     
  2043                           ;TaikoPic.c: 151: }
  2044                           ;TaikoPic.c: 153: OpenXLCD(0b00101100 & 0b00111000);
  2045                           	movlw	(028h)&0ffh
  2046  000998  0E28               	
  2047                           	call	_OpenXLCD
  2048  00099A  EC00  F00A         	line	154
  2049                           ;TaikoPic.c: 154: WriteCmdXLCD(0x01);
  2050                           	movlw	(01h)&0ffh
  2051  00099E  0E01               	
  2052                           	call	_WriteCmdXLCD
  2053  0009A0  EC5C  F00E         	line	155
  2054                           	
  2055                           l3019:
  2056  0009A4                     ;TaikoPic.c: 155: _delay((unsigned long)((2)*(20000000/4000.0)));
  2057                           	opt asmopt_push
  2058                           opt asmopt_off
  2059                           movlw	13
  2060  0009A4  0E0D               	movlb	0	; () banked
  2061  0009A6  0100               movwf	(??_main+0+0)&0ffh,f
  2062  0009A8  6FF4               	movlw	251
  2063  0009AA  0EFB               u2247:
  2064  0009AC                     decfsz	wreg,f
  2065  0009AC  2EE8               	bra	u2247
  2066  0009AE  D7FE               	decfsz	(??_main+0+0)&0ffh,f
  2067  0009B0  2FF4               	bra	u2247
  2068  0009B2  D7FC               	nop2
  2069  0009B4  D000               opt asmopt_pop
  2070                           
  2071                           	line	156
  2072                           	
  2073                           l3021:
  2074  0009B6                     ;TaikoPic.c: 156: WriteCmdXLCD(0x0C);
  2075                           	movlw	(0Ch)&0ffh
  2076  0009B6  0E0C               	
  2077                           	call	_WriteCmdXLCD
  2078  0009B8  EC5C  F00E         	line	158
  2079                           	
  2080                           l3023:
  2081  0009BC                     ;TaikoPic.c: 158: WriteCmdXLCD(0x40);
  2082                           	movlw	(040h)&0ffh
  2083  0009BC  0E40               	
  2084                           	call	_WriteCmdXLCD
  2085  0009BE  EC5C  F00E         	line	159
  2086                           	
  2087                           l3025:
  2088  0009C2                     ;TaikoPic.c: 159: for(int i = 0; i < 8; i++) WriteDataXLCD(don_cheio[i]);
  2089                           	movlw	high(0)
  2090  0009C2  0E00               	movlb	1	; () banked
  2091  0009C4  0101               	movwf	((main@i_675+1))&0ffh
  2092  0009C6  6F65               	movlw	low(0)
  2093  0009C8  0E00               	movwf	((main@i_675))&0ffh
  2094  0009CA  6F64               	
  2095                           l3027:; BSR set to: 1
  2096  0009CC                     
  2097                           	btfsc	((main@i_675+1))&0ffh,7
  2098  0009CC  BF65               	goto	u2001
  2099  0009CE  EFF2  F004         	movf	((main@i_675+1))&0ffh,w
  2100  0009D2  5165               	bnz	u2000
  2101  0009D4  E109               	movlw	8
  2102  0009D6  0E08               	subwf	 ((main@i_675))&0ffh,w
  2103  0009D8  5D64               	btfss	status,0
  2104  0009DA  A0D8               	goto	u2001
  2105  0009DC  EFF2  F004         	goto	u2000
  2106  0009E0  EFF4  F004         
  2107                           u2001:
  2108  0009E4                     	goto	l3031
  2109  0009E4  EFF8  F004         u2000:
  2110  0009E8                     	goto	l3037
  2111  0009E8  EF14  F005         	
  2112                           l3029:; BSR set to: 1
  2113  0009EC                     
  2114                           	goto	l3037
  2115  0009EC  EF14  F005         	
  2116                           l229:; BSR set to: 1
  2117  0009F0                     
  2118                           	
  2119                           l3031:; BSR set to: 1
  2120  0009F0                     
  2121                           	movlw	low(_don_cheio)
  2122  0009F0  0E3C               	addwf	((main@i_675))&0ffh,w
  2123  0009F2  2564               	movwf	c:fsr2l
  2124  0009F4  6ED9               	movlw	high(_don_cheio)
  2125  0009F6  0E00               	addwfc	((main@i_675+1))&0ffh,w
  2126  0009F8  2165               	movwf	1+c:fsr2l
  2127  0009FA  6EDA               	movf	indf2,w
  2128  0009FC  50DF               	
  2129                           	call	_WriteDataXLCD
  2130  0009FE  EC3B  F00E         	
  2131                           l3033:
  2132  000A02                     	movlb	1	; () banked
  2133  000A02  0101               	infsnz	((main@i_675))&0ffh
  2134  000A04  4B64               	incf	((main@i_675+1))&0ffh
  2135  000A06  2B65               	
  2136                           l3035:; BSR set to: 1
  2137  000A08                     
  2138                           	btfsc	((main@i_675+1))&0ffh,7
  2139  000A08  BF65               	goto	u2011
  2140  000A0A  EF10  F005         	movf	((main@i_675+1))&0ffh,w
  2141  000A0E  5165               	bnz	u2010
  2142  000A10  E109               	movlw	8
  2143  000A12  0E08               	subwf	 ((main@i_675))&0ffh,w
  2144  000A14  5D64               	btfss	status,0
  2145  000A16  A0D8               	goto	u2011
  2146  000A18  EF10  F005         	goto	u2010
  2147  000A1C  EF12  F005         
  2148                           u2011:
  2149  000A20                     	goto	l3031
  2150  000A20  EFF8  F004         u2010:
  2151  000A24                     	goto	l3037
  2152  000A24  EF14  F005         	
  2153                           l230:; BSR set to: 1
  2154  000A28                     
  2155                           	line	160
  2156                           	
  2157                           l3037:; BSR set to: 1
  2158  000A28                     
  2159                           ;TaikoPic.c: 160: for(int i = 0; i < 8; i++) WriteDataXLCD(ka_vazio[i]);
  2160                           	movlw	high(0)
  2161  000A28  0E00               	movwf	((main@i_676+1))&0ffh
  2162  000A2A  6F67               	movlw	low(0)
  2163  000A2C  0E00               	movwf	((main@i_676))&0ffh
  2164  000A2E  6F66               	
  2165                           l3039:; BSR set to: 1
  2166  000A30                     
  2167                           	btfsc	((main@i_676+1))&0ffh,7
  2168  000A30  BF67               	goto	u2021
  2169  000A32  EF24  F005         	movf	((main@i_676+1))&0ffh,w
  2170  000A36  5167               	bnz	u2020
  2171  000A38  E109               	movlw	8
  2172  000A3A  0E08               	subwf	 ((main@i_676))&0ffh,w
  2173  000A3C  5D66               	btfss	status,0
  2174  000A3E  A0D8               	goto	u2021
  2175  000A40  EF24  F005         	goto	u2020
  2176  000A44  EF26  F005         
  2177                           u2021:
  2178  000A48                     	goto	l3043
  2179  000A48  EF2A  F005         u2020:
  2180  000A4C                     	goto	l3049
  2181  000A4C  EF46  F005         	
  2182                           l3041:; BSR set to: 1
  2183  000A50                     
  2184                           	goto	l3049
  2185  000A50  EF46  F005         	
  2186                           l231:; BSR set to: 1
  2187  000A54                     
  2188                           	
  2189                           l3043:; BSR set to: 1
  2190  000A54                     
  2191                           	movlw	low(_ka_vazio)
  2192  000A54  0EEC               	addwf	((main@i_676))&0ffh,w
  2193  000A56  2566               	movwf	c:fsr2l
  2194  000A58  6ED9               	movlw	high(_ka_vazio)
  2195  000A5A  0E00               	addwfc	((main@i_676+1))&0ffh,w
  2196  000A5C  2167               	movwf	1+c:fsr2l
  2197  000A5E  6EDA               	movf	indf2,w
  2198  000A60  50DF               	
  2199                           	call	_WriteDataXLCD
  2200  000A62  EC3B  F00E         	
  2201                           l3045:
  2202  000A66                     	movlb	1	; () banked
  2203  000A66  0101               	infsnz	((main@i_676))&0ffh
  2204  000A68  4B66               	incf	((main@i_676+1))&0ffh
  2205  000A6A  2B67               	
  2206                           l3047:; BSR set to: 1
  2207  000A6C                     
  2208                           	btfsc	((main@i_676+1))&0ffh,7
  2209  000A6C  BF67               	goto	u2031
  2210  000A6E  EF42  F005         	movf	((main@i_676+1))&0ffh,w
  2211  000A72  5167               	bnz	u2030
  2212  000A74  E109               	movlw	8
  2213  000A76  0E08               	subwf	 ((main@i_676))&0ffh,w
  2214  000A78  5D66               	btfss	status,0
  2215  000A7A  A0D8               	goto	u2031
  2216  000A7C  EF42  F005         	goto	u2030
  2217  000A80  EF44  F005         
  2218                           u2031:
  2219  000A84                     	goto	l3043
  2220  000A84  EF2A  F005         u2030:
  2221  000A88                     	goto	l3049
  2222  000A88  EF46  F005         	
  2223                           l232:; BSR set to: 1
  2224  000A8C                     
  2225                           	line	161
  2226                           	
  2227                           l3049:; BSR set to: 1
  2228  000A8C                     
  2229                           ;TaikoPic.c: 161: WriteCmdXLCD(0x80);
  2230                           	movlw	(080h)&0ffh
  2231  000A8C  0E80               	
  2232                           	call	_WriteCmdXLCD
  2233  000A8E  EC5C  F00E         	line	163
  2234                           ;TaikoPic.c: 163: high_score = (ler_EEPROM(1) << 8) | ler_EEPROM(0);
  2235                           	movlw	(01h)&0ffh
  2236  000A92  0E01               	
  2237                           	call	_ler_EEPROM
  2238  000A94  EC95  F00E         	movlb	0	; () banked
  2239  000A98  0100               	movwf	(??_main+0+0)&0ffh
  2240  000A9A  6FF4               	movf	((??_main+0+0))&0ffh,w
  2241  000A9C  51F4               	movwf	(??_main+1+0+1)&0ffh
  2242  000A9E  6FF6               	clrf	(??_main+1+0)&0ffh
  2243  000AA0  6BF5               	movlw	(0)&0ffh
  2244  000AA2  0E00               	
  2245                           	call	_ler_EEPROM
  2246  000AA4  EC95  F00E         	movlb	0	; () banked
  2247  000AA8  0100               	movwf	(??_main+3+0)&0ffh
  2248  000AAA  6FF7               	movf	((??_main+3+0))&0ffh,w
  2249  000AAC  51F7               	iorwf	(??_main+1+0)&0ffh,w
  2250  000AAE  11F5               	movwf	((c:_high_score)),c
  2251  000AB0  6E32               	movf	(??_main+1+1)&0ffh,w
  2252  000AB2  51F6               	movwf	1+((c:_high_score)),c
  2253  000AB4  6E33               	line	164
  2254                           	
  2255                           l3051:; BSR set to: 0
  2256  000AB6                     
  2257                           ;TaikoPic.c: 164: if(high_score == 0xFFFF) high_score = 0;
  2258                           		incf	((c:_high_score)),c,w
  2259  000AB6  2832               	bnz	u2041
  2260  000AB8  E106               	incf	((c:_high_score+1)),c,w
  2261  000ABA  2833               	btfss	status,2
  2262  000ABC  A4D8               	goto	u2041
  2263  000ABE  EF63  F005         	goto	u2040
  2264  000AC2  EF65  F005         
  2265                           u2041:
  2266  000AC6                     	goto	l235
  2267  000AC6  EF6F  F005         u2040:
  2268  000ACA                     	
  2269                           l3053:; BSR set to: 0
  2270  000ACA                     
  2271                           	movlw	high(0)
  2272  000ACA  0E00               	movwf	((c:_high_score+1)),c
  2273  000ACC  6E33               	movlw	low(0)
  2274  000ACE  0E00               	movwf	((c:_high_score)),c
  2275  000AD0  6E32               	goto	l235
  2276  000AD2  EF6F  F005         	
  2277                           l233:; BSR set to: 0
  2278  000AD6                     
  2279                           	goto	l235
  2280  000AD6  EF6F  F005         	line	166
  2281                           ;TaikoPic.c: 166: while(1) {
  2282                           	
  2283                           l234:; BSR set to: 0
  2284  000ADA                     
  2285                           	line	167
  2286                           ;TaikoPic.c: 167: while(PORTBbits.RB0 == 0); _delay((unsigned long)((50)*(20000000/4000.
                                 0)));
  2287                           	goto	l235
  2288  000ADA  EF6F  F005         	
  2289                           l236:; BSR set to: 0
  2290  000ADE                     
  2291                           	
  2292                           l235:
  2293  000ADE                     	btfss	((c:3969)),c,0	;volatile
  2294  000ADE  A081               	goto	u2051
  2295  000AE0  EF74  F005         	goto	u2050
  2296  000AE4  EF76  F005         u2051:
  2297  000AE8                     	goto	l235
  2298  000AE8  EF6F  F005         u2050:
  2299  000AEC                     	goto	l3055
  2300  000AEC  EF78  F005         	
  2301                           l237:
  2302  000AF0                     	
  2303                           l3055:
  2304  000AF0                     	opt asmopt_push
  2305                           opt asmopt_off
  2306                           movlw  2
  2307  000AF0  0E02               	movlb	0	; () banked
  2308  000AF2  0100               movwf	(??_main+0+0+1)&0ffh,f
  2309  000AF4  6FF5               movlw	69
  2310  000AF6  0E45               movwf	(??_main+0+0)&0ffh,f
  2311  000AF8  6FF4               	movlw	169
  2312  000AFA  0EA9               u2257:
  2313  000AFC                     decfsz	wreg,f
  2314  000AFC  2EE8               	bra	u2257
  2315  000AFE  D7FE               	decfsz	(??_main+0+0)&0ffh,f
  2316  000B00  2FF4               	bra	u2257
  2317  000B02  D7FC               	decfsz	(??_main+0+0+1)&0ffh,f
  2318  000B04  2FF5               	bra	u2257
  2319  000B06  D7FA               	nop2
  2320  000B08  D000               opt asmopt_pop
  2321                           
  2322                           	line	169
  2323                           	
  2324                           l3057:
  2325  000B0A                     ;TaikoPic.c: 169: index_musica = 0;
  2326                           	movlw	high(0)
  2327  000B0A  0E00               	movwf	((c:_index_musica+1)),c
  2328  000B0C  6E37               	movlw	low(0)
  2329  000B0E  0E00               	movwf	((c:_index_musica)),c
  2330  000B10  6E36               	line	170
  2331                           	
  2332                           l3059:
  2333  000B12                     ;TaikoPic.c: 170: pontuacao = 0;
  2334                           	movlw	high(0)
  2335  000B12  0E00               	movwf	((c:_pontuacao+1)),c
  2336  000B14  6E35               	movlw	low(0)
  2337  000B16  0E00               	movwf	((c:_pontuacao)),c
  2338  000B18  6E34               	line	171
  2339                           	
  2340                           l3061:
  2341  000B1A                     ;TaikoPic.c: 171: flag_tick = 0;
  2342                           	movlw	low(0)
  2343  000B1A  0E00               	movwf	((c:_flag_tick)),c
  2344  000B1C  6E3B               	line	172
  2345                           	
  2346                           l3063:
  2347  000B1E                     ;TaikoPic.c: 172: flag_placar = 0;
  2348                           	movlw	low(0)
  2349  000B1E  0E00               	movwf	((c:_flag_placar)),c
  2350  000B20  6E3A               	line	173
  2351                           	
  2352                           l3065:
  2353  000B22                     ;TaikoPic.c: 173: mensagem_hit = 0;
  2354                           	movlw	low(0)
  2355  000B22  0E00               	movwf	((c:_mensagem_hit)),c
  2356  000B24  6E39               	line	174
  2357                           	
  2358                           l3067:
  2359  000B26                     ;TaikoPic.c: 174: for(int i = 0; i < 16; i++) pista[i] = 0;
  2360                           	movlw	high(0)
  2361  000B26  0E00               	movlb	1	; () banked
  2362  000B28  0101               	movwf	((main@i_686+1))&0ffh
  2363  000B2A  6F69               	movlw	low(0)
  2364  000B2C  0E00               	movwf	((main@i_686))&0ffh
  2365  000B2E  6F68               	
  2366                           l3069:; BSR set to: 1
  2367  000B30                     
  2368                           	btfsc	((main@i_686+1))&0ffh,7
  2369  000B30  BF69               	goto	u2061
  2370  000B32  EFA4  F005         	movf	((main@i_686+1))&0ffh,w
  2371  000B36  5169               	bnz	u2060
  2372  000B38  E109               	movlw	16
  2373  000B3A  0E10               	subwf	 ((main@i_686))&0ffh,w
  2374  000B3C  5D68               	btfss	status,0
  2375  000B3E  A0D8               	goto	u2061
  2376  000B40  EFA4  F005         	goto	u2060
  2377  000B44  EFA6  F005         
  2378                           u2061:
  2379  000B48                     	goto	l3073
  2380  000B48  EFAA  F005         u2060:
  2381  000B4C                     	goto	l3079
  2382  000B4C  EFC4  F005         	
  2383                           l3071:; BSR set to: 1
  2384  000B50                     
  2385                           	goto	l3079
  2386  000B50  EFC4  F005         	
  2387                           l238:; BSR set to: 1
  2388  000B54                     
  2389                           	
  2390                           l3073:; BSR set to: 1
  2391  000B54                     
  2392                           	movlw	low(_pista)
  2393  000B54  0EDC               	addwf	((main@i_686))&0ffh,w
  2394  000B56  2568               	movwf	c:fsr2l
  2395  000B58  6ED9               	movlw	high(_pista)
  2396  000B5A  0E00               	addwfc	((main@i_686+1))&0ffh,w
  2397  000B5C  2169               	movwf	1+c:fsr2l
  2398  000B5E  6EDA               	movlw	low(0)
  2399  000B60  0E00               	movwf	indf2
  2400  000B62  6EDF               	
  2401                           l3075:; BSR set to: 1
  2402  000B64                     
  2403                           	infsnz	((main@i_686))&0ffh
  2404  000B64  4B68               	incf	((main@i_686+1))&0ffh
  2405  000B66  2B69               	
  2406                           l3077:; BSR set to: 1
  2407  000B68                     
  2408                           	btfsc	((main@i_686+1))&0ffh,7
  2409  000B68  BF69               	goto	u2071
  2410  000B6A  EFC0  F005         	movf	((main@i_686+1))&0ffh,w
  2411  000B6E  5169               	bnz	u2070
  2412  000B70  E109               	movlw	16
  2413  000B72  0E10               	subwf	 ((main@i_686))&0ffh,w
  2414  000B74  5D68               	btfss	status,0
  2415  000B76  A0D8               	goto	u2071
  2416  000B78  EFC0  F005         	goto	u2070
  2417  000B7C  EFC2  F005         
  2418                           u2071:
  2419  000B80                     	goto	l3073
  2420  000B80  EFAA  F005         u2070:
  2421  000B84                     	goto	l3079
  2422  000B84  EFC4  F005         	
  2423                           l239:; BSR set to: 1
  2424  000B88                     
  2425                           	line	176
  2426                           	
  2427                           l3079:; BSR set to: 1
  2428  000B88                     
  2429                           ;TaikoPic.c: 176: WriteCmdXLCD(0x01);
  2430                           	movlw	(01h)&0ffh
  2431  000B88  0E01               	
  2432                           	call	_WriteCmdXLCD
  2433  000B8A  EC5C  F00E         	line	177
  2434                           	
  2435                           l3081:
  2436  000B8E                     ;TaikoPic.c: 177: _delay((unsigned long)((2)*(20000000/4000.0)));
  2437                           	opt asmopt_push
  2438                           opt asmopt_off
  2439                           movlw	13
  2440  000B8E  0E0D               	movlb	0	; () banked
  2441  000B90  0100               movwf	(??_main+0+0)&0ffh,f
  2442  000B92  6FF4               	movlw	251
  2443  000B94  0EFB               u2267:
  2444  000B96                     decfsz	wreg,f
  2445  000B96  2EE8               	bra	u2267
  2446  000B98  D7FE               	decfsz	(??_main+0+0)&0ffh,f
  2447  000B9A  2FF4               	bra	u2267
  2448  000B9C  D7FC               	nop2
  2449  000B9E  D000               opt asmopt_pop
  2450                           
  2451                           	line	178
  2452                           	
  2453                           l3083:
  2454  000BA0                     ;TaikoPic.c: 178: WriteCmdXLCD(0xC0);
  2455                           	movlw	(0C0h)&0ffh
  2456  000BA0  0EC0               	
  2457                           	call	_WriteCmdXLCD
  2458  000BA2  EC5C  F00E         	line	179
  2459                           	
  2460                           l3085:
  2461  000BA6                     ;TaikoPic.c: 179: putsXLCD("Aperte O (Start)");
  2462                           		movlw	low(STR_1)
  2463  000BA6  0E23               	movwf	((c:putsXLCD@buffer)),c
  2464  000BA8  6E1A               	movlw	high(STR_1)
  2465  000BAA  0E08               	movwf	((c:putsXLCD@buffer+1)),c
  2466  000BAC  6E1B               
  2467                           	call	_putsXLCD	;wreg free
  2468  000BAE  EC9D  F00D         	line	181
  2469                           ;TaikoPic.c: 181: while(PORTBbits.RB0 == 1) {
  2470                           	goto	l3099
  2471  000BB2  EF70  F006         	
  2472                           l241:
  2473  000BB6                     	line	182
  2474                           	
  2475                           l3087:
  2476  000BB6                     ;TaikoPic.c: 182: unsigned int valor_adc = ler_ADC();
  2477                           	call	_ler_ADC	;wreg free
  2478  000BB6  EC7D  F00E         	movff	0+?_ler_ADC,(main@valor_adc)
  2479  000BBA  C019  F160         	movff	1+?_ler_ADC,(main@valor_adc+1)
  2480  000BBE  C01A  F161         	line	183
  2481                           ;TaikoPic.c: 183: carga_timer_h = 190 + (((unsigned long)valor_adc * 40) / 1023);
  2482                           	movff	(main@valor_adc),(c:___lmul@multiplier)
  2483  000BC2  C160  F019         	movff	(main@valor_adc+1),(c:___lmul@multiplier+1)
  2484  000BC6  C161  F01A         	clrf	((c:___lmul@multiplier+2)),c
  2485  000BCA  6A1B               	clrf	((c:___lmul@multiplier+3)),c
  2486  000BCC  6A1C               
  2487                           	movlw	low(028h)
  2488  000BCE  0E28               	movwf	((c:___lmul@multiplicand)),c
  2489  000BD0  6E1D               	movlw	high(028h)
  2490  000BD2  0E00               	movwf	((c:___lmul@multiplicand+1)),c
  2491  000BD4  6E1E               	movlw	low highword(028h)
  2492  000BD6  0E00               	movwf	((c:___lmul@multiplicand+2)),c
  2493  000BD8  6E1F               	movlw	high highword(028h)
  2494  000BDA  0E00               	movwf	((c:___lmul@multiplicand+3)),c
  2495  000BDC  6E20               	call	___lmul	;wreg free
  2496  000BDE  EC34  F00D         	movff	0+?___lmul,(c:___lldiv@dividend)
  2497  000BE2  C019  F025         	movff	1+?___lmul,(c:___lldiv@dividend+1)
  2498  000BE6  C01A  F026         	movff	2+?___lmul,(c:___lldiv@dividend+2)
  2499  000BEA  C01B  F027         	movff	3+?___lmul,(c:___lldiv@dividend+3)
  2500  000BEE  C01C  F028         	
  2501                           	movlw	low(03FFh)
  2502  000BF2  0EFF               	movwf	((c:___lldiv@divisor)),c
  2503  000BF4  6E29               	movlw	high(03FFh)
  2504  000BF6  0E03               	movwf	((c:___lldiv@divisor+1)),c
  2505  000BF8  6E2A               	movlw	low highword(03FFh)
  2506  000BFA  0E00               	movwf	((c:___lldiv@divisor+2)),c
  2507  000BFC  6E2B               	movlw	high highword(03FFh)
  2508  000BFE  0E00               	movwf	((c:___lldiv@divisor+3)),c
  2509  000C00  6E2C               	call	___lldiv	;wreg free
  2510  000C02  EC85  F00B         	movf	(0+?___lldiv),c,w
  2511  000C06  5025               	addlw	low(0BEh)
  2512  000C08  0FBE               	movwf	((c:_carga_timer_h)),c
  2513  000C0A  6E38               	line	184
  2514                           ;TaikoPic.c: 184: int porcentagem = ((unsigned long)valor_adc * 99) / 1023;
  2515                           	movff	(main@valor_adc),(c:___lmul@multiplier)
  2516  000C0C  C160  F019         	movff	(main@valor_adc+1),(c:___lmul@multiplier+1)
  2517  000C10  C161  F01A         	clrf	((c:___lmul@multiplier+2)),c
  2518  000C14  6A1B               	clrf	((c:___lmul@multiplier+3)),c
  2519  000C16  6A1C               
  2520                           	movlw	low(063h)
  2521  000C18  0E63               	movwf	((c:___lmul@multiplicand)),c
  2522  000C1A  6E1D               	movlw	high(063h)
  2523  000C1C  0E00               	movwf	((c:___lmul@multiplicand+1)),c
  2524  000C1E  6E1E               	movlw	low highword(063h)
  2525  000C20  0E00               	movwf	((c:___lmul@multiplicand+2)),c
  2526  000C22  6E1F               	movlw	high highword(063h)
  2527  000C24  0E00               	movwf	((c:___lmul@multiplicand+3)),c
  2528  000C26  6E20               	call	___lmul	;wreg free
  2529  000C28  EC34  F00D         	movff	0+?___lmul,(c:___lldiv@dividend)
  2530  000C2C  C019  F025         	movff	1+?___lmul,(c:___lldiv@dividend+1)
  2531  000C30  C01A  F026         	movff	2+?___lmul,(c:___lldiv@dividend+2)
  2532  000C34  C01B  F027         	movff	3+?___lmul,(c:___lldiv@dividend+3)
  2533  000C38  C01C  F028         	
  2534                           	movlw	low(03FFh)
  2535  000C3C  0EFF               	movwf	((c:___lldiv@divisor)),c
  2536  000C3E  6E29               	movlw	high(03FFh)
  2537  000C40  0E03               	movwf	((c:___lldiv@divisor+1)),c
  2538  000C42  6E2A               	movlw	low highword(03FFh)
  2539  000C44  0E00               	movwf	((c:___lldiv@divisor+2)),c
  2540  000C46  6E2B               	movlw	high highword(03FFh)
  2541  000C48  0E00               	movwf	((c:___lldiv@divisor+3)),c
  2542  000C4A  6E2C               	call	___lldiv	;wreg free
  2543  000C4C  EC85  F00B         	movff	0+?___lldiv,(main@porcentagem)
  2544  000C50  C025  F162         	movff	1+?___lldiv,(main@porcentagem+1)
  2545  000C54  C026  F163         	line	186
  2546                           ;TaikoPic.c: 186: WriteCmdXLCD(0x80); putsXLCD("Velocidade: ");
  2547                           	movlw	(080h)&0ffh
  2548  000C58  0E80               	
  2549                           	call	_WriteCmdXLCD
  2550  000C5A  EC5C  F00E         	
  2551                           l3089:
  2552  000C5E                     		movlw	low(STR_2)
  2553  000C5E  0E34               	movwf	((c:putsXLCD@buffer)),c
  2554  000C60  6E1A               	movlw	high(STR_2)
  2555  000C62  0E08               	movwf	((c:putsXLCD@buffer+1)),c
  2556  000C64  6E1B               
  2557                           	call	_putsXLCD	;wreg free
  2558  000C66  EC9D  F00D         	line	187
  2559                           	
  2560                           l3091:
  2561  000C6A                     ;TaikoPic.c: 187: WriteDataXLCD((porcentagem / 10) % 10 + '0');
  2562                           	movlw	high(0Ah)
  2563  000C6A  0E00               	movwf	((c:___awdiv@divisor+1)),c
  2564  000C6C  6E1C               	movlw	low(0Ah)
  2565  000C6E  0E0A               	movwf	((c:___awdiv@divisor)),c
  2566  000C70  6E1B               	movff	(main@porcentagem),(c:___awdiv@dividend)
  2567  000C72  C162  F019         	movff	(main@porcentagem+1),(c:___awdiv@dividend+1)
  2568  000C76  C163  F01A         	call	___awdiv	;wreg free
  2569  000C7A  ECA3  F00A         	movff	0+?___awdiv,(c:___awmod@dividend)
  2570  000C7E  C019  F021         	movff	1+?___awdiv,(c:___awmod@dividend+1)
  2571  000C82  C01A  F022         	movlw	high(0Ah)
  2572  000C86  0E00               	movwf	((c:___awmod@divisor+1)),c
  2573  000C88  6E24               	movlw	low(0Ah)
  2574  000C8A  0E0A               	movwf	((c:___awmod@divisor)),c
  2575  000C8C  6E23               	call	___awmod	;wreg free
  2576  000C8E  EC19  F00B         	movf	(0+?___awmod),c,w
  2577  000C92  5021               	addlw	low(030h)
  2578  000C94  0F30               	
  2579                           	call	_WriteDataXLCD
  2580  000C96  EC3B  F00E         	line	188
  2581                           	
  2582                           l3093:
  2583  000C9A                     ;TaikoPic.c: 188: WriteDataXLCD((porcentagem % 10) + '0');
  2584                           	movff	(main@porcentagem),(c:___awmod@dividend)
  2585  000C9A  C162  F021         	movff	(main@porcentagem+1),(c:___awmod@dividend+1)
  2586  000C9E  C163  F022         	movlw	high(0Ah)
  2587  000CA2  0E00               	movwf	((c:___awmod@divisor+1)),c
  2588  000CA4  6E24               	movlw	low(0Ah)
  2589  000CA6  0E0A               	movwf	((c:___awmod@divisor)),c
  2590  000CA8  6E23               	call	___awmod	;wreg free
  2591  000CAA  EC19  F00B         	movf	(0+?___awmod),c,w
  2592  000CAE  5021               	addlw	low(030h)
  2593  000CB0  0F30               	
  2594                           	call	_WriteDataXLCD
  2595  000CB2  EC3B  F00E         	line	189
  2596                           	
  2597                           l3095:
  2598  000CB6                     ;TaikoPic.c: 189: putsXLCD("% ");
  2599                           		movlw	low(STR_3)
  2600  000CB6  0E69               	movwf	((c:putsXLCD@buffer)),c
  2601  000CB8  6E1A               	movlw	high(STR_3)
  2602  000CBA  0E08               	movwf	((c:putsXLCD@buffer+1)),c
  2603  000CBC  6E1B               
  2604                           	call	_putsXLCD	;wreg free
  2605  000CBE  EC9D  F00D         	line	190
  2606                           	
  2607                           l3097:
  2608  000CC2                     ;TaikoPic.c: 190: _delay((unsigned long)((100)*(20000000/4000.0)));
  2609                           	opt asmopt_push
  2610                           opt asmopt_off
  2611                           movlw  3
  2612  000CC2  0E03               	movlb	0	; () banked
  2613  000CC4  0100               movwf	(??_main+0+0+1)&0ffh,f
  2614  000CC6  6FF5               movlw	138
  2615  000CC8  0E8A               movwf	(??_main+0+0)&0ffh,f
  2616  000CCA  6FF4               	movlw	85
  2617  000CCC  0E55               u2277:
  2618  000CCE                     decfsz	wreg,f
  2619  000CCE  2EE8               	bra	u2277
  2620  000CD0  D7FE               	decfsz	(??_main+0+0)&0ffh,f
  2621  000CD2  2FF4               	bra	u2277
  2622  000CD4  D7FC               	decfsz	(??_main+0+0+1)&0ffh,f
  2623  000CD6  2FF5               	bra	u2277
  2624  000CD8  D7FA               	nop2
  2625  000CDA  D000               opt asmopt_pop
  2626                           
  2627                           	goto	l3099
  2628  000CDC  EF70  F006         	line	191
  2629                           	
  2630                           l240:
  2631  000CE0                     	line	181
  2632                           	
  2633                           l3099:
  2634  000CE0                     	btfsc	((c:3969)),c,0	;volatile
  2635  000CE0  B081               	goto	u2081
  2636  000CE2  EF75  F006         	goto	u2080
  2637  000CE6  EF77  F006         u2081:
  2638  000CEA                     	goto	l3087
  2639  000CEA  EFDB  F005         u2080:
  2640  000CEE                     	goto	l3101
  2641  000CEE  EF79  F006         	
  2642                           l242:
  2643  000CF2                     	line	193
  2644                           	
  2645                           l3101:
  2646  000CF2                     ;TaikoPic.c: 191: }
  2647                           ;TaikoPic.c: 193: tocar_som(1);
  2648                           	movlw	(01h)&0ffh
  2649  000CF2  0E01               	
  2650                           	call	_tocar_som
  2651  000CF4  ECE1  F00B         	line	194
  2652                           	
  2653                           l3103:
  2654  000CF8                     ;TaikoPic.c: 194: _delay((unsigned long)((500)*(20000000/4000.0)));
  2655                           	opt asmopt_push
  2656                           opt asmopt_off
  2657                           movlw  13
  2658  000CF8  0E0D               	movlb	0	; () banked
  2659  000CFA  0100               movwf	(??_main+0+0+1)&0ffh,f
  2660  000CFC  6FF5               movlw	175
  2661  000CFE  0EAF               movwf	(??_main+0+0)&0ffh,f
  2662  000D00  6FF4               	movlw	182
  2663  000D02  0EB6               u2287:
  2664  000D04                     decfsz	wreg,f
  2665  000D04  2EE8               	bra	u2287
  2666  000D06  D7FE               	decfsz	(??_main+0+0)&0ffh,f
  2667  000D08  2FF4               	bra	u2287
  2668  000D0A  D7FC               	decfsz	(??_main+0+0+1)&0ffh,f
  2669  000D0C  2FF5               	bra	u2287
  2670  000D0E  D7FA               	nop
  2671  000D10  F000               opt asmopt_pop
  2672                           
  2673                           	line	196
  2674                           	
  2675                           l3105:
  2676  000D12                     ;TaikoPic.c: 196: WriteCmdXLCD(0x01);
  2677                           	movlw	(01h)&0ffh
  2678  000D12  0E01               	
  2679                           	call	_WriteCmdXLCD
  2680  000D14  EC5C  F00E         	line	197
  2681                           ;TaikoPic.c: 197: _delay((unsigned long)((2)*(20000000/4000.0)));
  2682                           	opt asmopt_push
  2683                           opt asmopt_off
  2684                           movlw	13
  2685  000D18  0E0D               	movlb	0	; () banked
  2686  000D1A  0100               movwf	(??_main+0+0)&0ffh,f
  2687  000D1C  6FF4               	movlw	251
  2688  000D1E  0EFB               u2297:
  2689  000D20                     decfsz	wreg,f
  2690  000D20  2EE8               	bra	u2297
  2691  000D22  D7FE               	decfsz	(??_main+0+0)&0ffh,f
  2692  000D24  2FF4               	bra	u2297
  2693  000D26  D7FC               	nop2
  2694  000D28  D000               opt asmopt_pop
  2695                           
  2696                           	line	198
  2697                           	
  2698                           l3107:
  2699  000D2A                     ;TaikoPic.c: 198: WriteCmdXLCD(0x80);
  2700                           	movlw	(080h)&0ffh
  2701  000D2A  0E80               	
  2702                           	call	_WriteCmdXLCD
  2703  000D2C  EC5C  F00E         	line	199
  2704                           	
  2705                           l3109:
  2706  000D30                     ;TaikoPic.c: 199: putsXLCD("Pts:0000        ");
  2707                           		movlw	low(STR_4)
  2708  000D30  0E01               	movwf	((c:putsXLCD@buffer)),c
  2709  000D32  6E1A               	movlw	high(STR_4)
  2710  000D34  0E08               	movwf	((c:putsXLCD@buffer+1)),c
  2711  000D36  6E1B               
  2712                           	call	_putsXLCD	;wreg free
  2713  000D38  EC9D  F00D         	line	201
  2714                           	
  2715                           l3111:
  2716  000D3C                     ;TaikoPic.c: 201: INTCONbits.INT0IF = 0;
  2717                           	bcf	((c:4082)),c,1	;volatile
  2718  000D3C  92F2               	line	202
  2719                           	
  2720                           l3113:
  2721  000D3E                     ;TaikoPic.c: 202: INTCON3bits.INT1IF = 0;
  2722                           	bcf	((c:4080)),c,0	;volatile
  2723  000D3E  90F0               	line	203
  2724                           	
  2725                           l3115:
  2726  000D40                     ;TaikoPic.c: 203: INTCONbits.TMR0IF = 0;
  2727                           	bcf	((c:4082)),c,2	;volatile
  2728  000D40  94F2               	line	205
  2729                           	
  2730                           l3117:
  2731  000D42                     ;TaikoPic.c: 205: RCONbits.IPEN = 0;
  2732                           	bcf	((c:4048)),c,7	;volatile
  2733  000D42  9ED0               	line	206
  2734                           	
  2735                           l3119:
  2736  000D44                     ;TaikoPic.c: 206: INTCONbits.TMR0IE = 1;
  2737                           	bsf	((c:4082)),c,5	;volatile
  2738  000D44  8AF2               	line	207
  2739                           	
  2740                           l3121:
  2741  000D46                     ;TaikoPic.c: 207: INTCONbits.INT0IE = 1;
  2742                           	bsf	((c:4082)),c,4	;volatile
  2743  000D46  88F2               	line	208
  2744                           	
  2745                           l3123:
  2746  000D48                     ;TaikoPic.c: 208: INTCON3bits.INT1IE = 1;
  2747                           	bsf	((c:4080)),c,3	;volatile
  2748  000D48  86F0               	line	209
  2749                           	
  2750                           l3125:
  2751  000D4A                     ;TaikoPic.c: 209: INTCONbits.PEIE = 1;
  2752                           	bsf	((c:4082)),c,6	;volatile
  2753  000D4A  8CF2               	line	210
  2754                           	
  2755                           l3127:
  2756  000D4C                     ;TaikoPic.c: 210: INTCONbits.GIE = 1;
  2757                           	bsf	((c:4082)),c,7	;volatile
  2758  000D4C  8EF2               	line	211
  2759                           	
  2760                           l3129:
  2761  000D4E                     ;TaikoPic.c: 211: T0CON = 0b00000111;
  2762                           	movlw	low(07h)
  2763  000D4E  0E07               	movwf	((c:4053)),c	;volatile
  2764  000D50  6ED5               	line	212
  2765                           	
  2766                           l3131:
  2767  000D52                     ;TaikoPic.c: 212: T0CONbits.TMR0ON = 1;
  2768                           	bsf	((c:4053)),c,7	;volatile
  2769  000D52  8ED5               	line	214
  2770                           ;TaikoPic.c: 214: while(index_musica < 62) {
  2771                           	goto	l3209
  2772  000D54  EF19  F008         	
  2773                           l244:
  2774  000D58                     	line	215
  2775                           	
  2776                           l3133:
  2777  000D58                     ;TaikoPic.c: 215: if(flag_placar == 1) {
  2778                           		decf	((c:_flag_placar)),c,w
  2779  000D58  043A               	btfss	status,2
  2780  000D5A  A4D8               	goto	u2091
  2781  000D5C  EFB2  F006         	goto	u2090
  2782  000D60  EFB4  F006         
  2783                           u2091:
  2784  000D64                     	goto	l3157
  2785  000D64  EF37  F007         u2090:
  2786  000D68                     	line	216
  2787                           	
  2788                           l3135:
  2789  000D68                     ;TaikoPic.c: 216: flag_placar = 0; WriteCmdXLCD(0x84);
  2790                           	movlw	low(0)
  2791  000D68  0E00               	movwf	((c:_flag_placar)),c
  2792  000D6A  6E3A               	
  2793                           l3137:
  2794  000D6C                     	movlw	(084h)&0ffh
  2795  000D6C  0E84               	
  2796                           	call	_WriteCmdXLCD
  2797  000D6E  EC5C  F00E         	line	217
  2798                           	
  2799                           l3139:
  2800  000D72                     ;TaikoPic.c: 217: WriteDataXLCD((pontuacao / 1000) % 10 + '0');
  2801                           	movlw	high(03E8h)
  2802  000D72  0E03               	movwf	((c:___lwdiv@divisor+1)),c
  2803  000D74  6E1C               	movlw	low(03E8h)
  2804  000D76  0EE8               	movwf	((c:___lwdiv@divisor)),c
  2805  000D78  6E1B               	movff	(c:_pontuacao),(c:___lwdiv@dividend)
  2806  000D7A  C034  F019         	movff	(c:_pontuacao+1),(c:___lwdiv@dividend+1)
  2807  000D7E  C035  F01A         	call	___lwdiv	;wreg free
  2808  000D82  ECB4  F00C         	movff	0+?___lwdiv,(c:___lwmod@dividend)
  2809  000D86  C019  F020         	movff	1+?___lwdiv,(c:___lwmod@dividend+1)
  2810  000D8A  C01A  F021         	movlw	high(0Ah)
  2811  000D8E  0E00               	movwf	((c:___lwmod@divisor+1)),c
  2812  000D90  6E23               	movlw	low(0Ah)
  2813  000D92  0E0A               	movwf	((c:___lwmod@divisor)),c
  2814  000D94  6E22               	call	___lwmod	;wreg free
  2815  000D96  ECF8  F00C         	movf	(0+?___lwmod),c,w
  2816  000D9A  5020               	addlw	low(030h)
  2817  000D9C  0F30               	
  2818                           	call	_WriteDataXLCD
  2819  000D9E  EC3B  F00E         	line	218
  2820                           	
  2821                           l3141:
  2822  000DA2                     ;TaikoPic.c: 218: WriteDataXLCD((pontuacao / 100) % 10 + '0');
  2823                           	movlw	high(064h)
  2824  000DA2  0E00               	movwf	((c:___lwdiv@divisor+1)),c
  2825  000DA4  6E1C               	movlw	low(064h)
  2826  000DA6  0E64               	movwf	((c:___lwdiv@divisor)),c
  2827  000DA8  6E1B               	movff	(c:_pontuacao),(c:___lwdiv@dividend)
  2828  000DAA  C034  F019         	movff	(c:_pontuacao+1),(c:___lwdiv@dividend+1)
  2829  000DAE  C035  F01A         	call	___lwdiv	;wreg free
  2830  000DB2  ECB4  F00C         	movff	0+?___lwdiv,(c:___lwmod@dividend)
  2831  000DB6  C019  F020         	movff	1+?___lwdiv,(c:___lwmod@dividend+1)
  2832  000DBA  C01A  F021         	movlw	high(0Ah)
  2833  000DBE  0E00               	movwf	((c:___lwmod@divisor+1)),c
  2834  000DC0  6E23               	movlw	low(0Ah)
  2835  000DC2  0E0A               	movwf	((c:___lwmod@divisor)),c
  2836  000DC4  6E22               	call	___lwmod	;wreg free
  2837  000DC6  ECF8  F00C         	movf	(0+?___lwmod),c,w
  2838  000DCA  5020               	addlw	low(030h)
  2839  000DCC  0F30               	
  2840                           	call	_WriteDataXLCD
  2841  000DCE  EC3B  F00E         	line	219
  2842                           	
  2843                           l3143:
  2844  000DD2                     ;TaikoPic.c: 219: WriteDataXLCD((pontuacao / 10) % 10 + '0');
  2845                           	movlw	high(0Ah)
  2846  000DD2  0E00               	movwf	((c:___lwdiv@divisor+1)),c
  2847  000DD4  6E1C               	movlw	low(0Ah)
  2848  000DD6  0E0A               	movwf	((c:___lwdiv@divisor)),c
  2849  000DD8  6E1B               	movff	(c:_pontuacao),(c:___lwdiv@dividend)
  2850  000DDA  C034  F019         	movff	(c:_pontuacao+1),(c:___lwdiv@dividend+1)
  2851  000DDE  C035  F01A         	call	___lwdiv	;wreg free
  2852  000DE2  ECB4  F00C         	movff	0+?___lwdiv,(c:___lwmod@dividend)
  2853  000DE6  C019  F020         	movff	1+?___lwdiv,(c:___lwmod@dividend+1)
  2854  000DEA  C01A  F021         	movlw	high(0Ah)
  2855  000DEE  0E00               	movwf	((c:___lwmod@divisor+1)),c
  2856  000DF0  6E23               	movlw	low(0Ah)
  2857  000DF2  0E0A               	movwf	((c:___lwmod@divisor)),c
  2858  000DF4  6E22               	call	___lwmod	;wreg free
  2859  000DF6  ECF8  F00C         	movf	(0+?___lwmod),c,w
  2860  000DFA  5020               	addlw	low(030h)
  2861  000DFC  0F30               	
  2862                           	call	_WriteDataXLCD
  2863  000DFE  EC3B  F00E         	line	220
  2864                           	
  2865                           l3145:
  2866  000E02                     ;TaikoPic.c: 220: WriteDataXLCD((pontuacao % 10) + '0');
  2867                           	movff	(c:_pontuacao),(c:___lwmod@dividend)
  2868  000E02  C034  F020         	movff	(c:_pontuacao+1),(c:___lwmod@dividend+1)
  2869  000E06  C035  F021         	movlw	high(0Ah)
  2870  000E0A  0E00               	movwf	((c:___lwmod@divisor+1)),c
  2871  000E0C  6E23               	movlw	low(0Ah)
  2872  000E0E  0E0A               	movwf	((c:___lwmod@divisor)),c
  2873  000E10  6E22               	call	___lwmod	;wreg free
  2874  000E12  ECF8  F00C         	movf	(0+?___lwmod),c,w
  2875  000E16  5020               	addlw	low(030h)
  2876  000E18  0F30               	
  2877                           	call	_WriteDataXLCD
  2878  000E1A  EC3B  F00E         	line	222
  2879                           	
  2880                           l3147:
  2881  000E1E                     ;TaikoPic.c: 222: WriteCmdXLCD(0x89);
  2882                           	movlw	(089h)&0ffh
  2883  000E1E  0E89               	
  2884                           	call	_WriteCmdXLCD
  2885  000E20  EC5C  F00E         	line	223
  2886                           	
  2887                           l3149:
  2888  000E24                     ;TaikoPic.c: 223: if(mensagem_hit == 1) putsXLCD("ACERTO!");
  2889                           		decf	((c:_mensagem_hit)),c,w
  2890  000E24  0439               	btfss	status,2
  2891  000E26  A4D8               	goto	u2101
  2892  000E28  EF18  F007         	goto	u2100
  2893  000E2C  EF1A  F007         
  2894                           u2101:
  2895  000E30                     	goto	l3153
  2896  000E30  EF22  F007         u2100:
  2897  000E34                     	
  2898                           l3151:
  2899  000E34                     		movlw	low(STR_5)
  2900  000E34  0E41               	movwf	((c:putsXLCD@buffer)),c
  2901  000E36  6E1A               	movlw	high(STR_5)
  2902  000E38  0E08               	movwf	((c:putsXLCD@buffer+1)),c
  2903  000E3A  6E1B               
  2904                           	call	_putsXLCD	;wreg free
  2905  000E3C  EC9D  F00D         	goto	l3157
  2906  000E40  EF37  F007         	line	224
  2907                           	
  2908                           l246:
  2909  000E44                     	
  2910                           l3153:
  2911  000E44                     ;TaikoPic.c: 224: else if(mensagem_hit == 2) putsXLCD(" ERRO!");
  2912                           		movlw	2
  2913  000E44  0E02               	xorwf	((c:_mensagem_hit)),c,w
  2914  000E46  1839               	btfss	status,2
  2915  000E48  A4D8               	goto	u2111
  2916  000E4A  EF29  F007         	goto	u2110
  2917  000E4E  EF2B  F007         
  2918                           u2111:
  2919  000E52                     	goto	l3157
  2920  000E52  EF37  F007         u2110:
  2921  000E56                     	
  2922                           l3155:
  2923  000E56                     		movlw	low(STR_6)
  2924  000E56  0E49               	movwf	((c:putsXLCD@buffer)),c
  2925  000E58  6E1A               	movlw	high(STR_6)
  2926  000E5A  0E08               	movwf	((c:putsXLCD@buffer+1)),c
  2927  000E5C  6E1B               
  2928                           	call	_putsXLCD	;wreg free
  2929  000E5E  EC9D  F00D         	goto	l3157
  2930  000E62  EF37  F007         	
  2931                           l248:
  2932  000E66                     	goto	l3157
  2933  000E66  EF37  F007         	line	225
  2934                           	
  2935                           l247:
  2936  000E6A                     	goto	l3157
  2937  000E6A  EF37  F007         	
  2938                           l245:
  2939  000E6E                     	line	227
  2940                           	
  2941                           l3157:
  2942  000E6E                     ;TaikoPic.c: 225: }
  2943                           ;TaikoPic.c: 227: if(flag_tick == 1) {
  2944                           		decf	((c:_flag_tick)),c,w
  2945  000E6E  043B               	btfss	status,2
  2946  000E70  A4D8               	goto	u2121
  2947  000E72  EF3D  F007         	goto	u2120
  2948  000E76  EF3F  F007         
  2949                           u2121:
  2950  000E7A                     	goto	l3209
  2951  000E7A  EF19  F008         u2120:
  2952  000E7E                     	line	228
  2953                           	
  2954                           l3159:
  2955  000E7E                     ;TaikoPic.c: 228: flag_tick = 0;
  2956                           	movlw	low(0)
  2957  000E7E  0E00               	movwf	((c:_flag_tick)),c
  2958  000E80  6E3B               	line	229
  2959                           	
  2960                           l3161:
  2961  000E82                     ;TaikoPic.c: 229: if(bgm_real[index_musica] != 0) {
  2962                           	movlw	low(_bgm_real)
  2963  000E82  0E9E               	addwf	((c:_index_musica)),c,w
  2964  000E84  2436               	movwf	c:fsr2l
  2965  000E86  6ED9               	movlw	high(_bgm_real)
  2966  000E88  0E00               	addwfc	((c:_index_musica+1)),c,w
  2967  000E8A  2037               	movwf	1+c:fsr2l
  2968  000E8C  6EDA               	movf	indf2,w
  2969  000E8E  50DF               	btfsc	status,2
  2970  000E90  B4D8               	goto	u2131
  2971  000E92  EF4D  F007         	goto	u2130
  2972  000E96  EF4F  F007         u2131:
  2973  000E9A                     	goto	l3169
  2974  000E9A  EF68  F007         u2130:
  2975  000E9E                     	line	230
  2976                           	
  2977                           l3163:
  2978  000E9E                     ;TaikoPic.c: 230: T2CON = 0b00000111;
  2979                           	movlw	low(07h)
  2980  000E9E  0E07               	movwf	((c:4042)),c	;volatile
  2981  000EA0  6ECA               	line	231
  2982                           ;TaikoPic.c: 231: CCP1CON = 0b00001100;
  2983                           	movlw	low(0Ch)
  2984  000EA2  0E0C               	movwf	((c:4029)),c	;volatile
  2985  000EA4  6EBD               	line	232
  2986                           	
  2987                           l3165:
  2988  000EA6                     ;TaikoPic.c: 232: PR2 = bgm_real[index_musica];
  2989                           	movlw	low(_bgm_real)
  2990  000EA6  0E9E               	addwf	((c:_index_musica)),c,w
  2991  000EA8  2436               	movwf	c:fsr2l
  2992  000EAA  6ED9               	movlw	high(_bgm_real)
  2993  000EAC  0E00               	addwfc	((c:_index_musica+1)),c,w
  2994  000EAE  2037               	movwf	1+c:fsr2l
  2995  000EB0  6EDA               	movf	indf2,w
  2996  000EB2  50DF               	movwf	((c:4043)),c	;volatile
  2997  000EB4  6ECB               	line	233
  2998                           	
  2999                           l3167:
  3000  000EB6                     ;TaikoPic.c: 233: CCPR1L = PR2 / 2;
  3001                           	movff	(c:4043),(c:___awdiv@dividend)	;volatile
  3002  000EB6  CFCB F019          	clrf	((c:___awdiv@dividend+1)),c
  3003  000EBA  6A1A               	movlw	high(02h)
  3004  000EBC  0E00               	movwf	((c:___awdiv@divisor+1)),c
  3005  000EBE  6E1C               	movlw	low(02h)
  3006  000EC0  0E02               	movwf	((c:___awdiv@divisor)),c
  3007  000EC2  6E1B               	call	___awdiv	;wreg free
  3008  000EC4  ECA3  F00A         	movf	(0+?___awdiv),c,w
  3009  000EC8  5019               	movwf	((c:4030)),c	;volatile
  3010  000ECA  6EBE               	line	234
  3011                           ;TaikoPic.c: 234: } else { CCPR1L = 0; }
  3012                           	goto	l251
  3013  000ECC  EF6A  F007         	
  3014                           l250:
  3015  000ED0                     	
  3016                           l3169:
  3017  000ED0                     	movlw	low(0)
  3018  000ED0  0E00               	movwf	((c:4030)),c	;volatile
  3019  000ED2  6EBE               	
  3020                           l251:
  3021  000ED4                     	line	236
  3022                           ;TaikoPic.c: 236: for(int i = 1; i < 15; i++) pista[i] = pista[i+1];
  3023                           	movlw	high(01h)
  3024  000ED4  0E00               	movlb	1	; () banked
  3025  000ED6  0101               	movwf	((main@i_711+1))&0ffh
  3026  000ED8  6F6B               	movlw	low(01h)
  3027  000EDA  0E01               	movwf	((main@i_711))&0ffh
  3028  000EDC  6F6A               	
  3029                           l3171:; BSR set to: 1
  3030  000EDE                     
  3031                           	btfsc	((main@i_711+1))&0ffh,7
  3032  000EDE  BF6B               	goto	u2141
  3033  000EE0  EF7B  F007         	movf	((main@i_711+1))&0ffh,w
  3034  000EE4  516B               	bnz	u2140
  3035  000EE6  E109               	movlw	15
  3036  000EE8  0E0F               	subwf	 ((main@i_711))&0ffh,w
  3037  000EEA  5D6A               	btfss	status,0
  3038  000EEC  A0D8               	goto	u2141
  3039  000EEE  EF7B  F007         	goto	u2140
  3040  000EF2  EF7D  F007         
  3041                           u2141:
  3042  000EF6                     	goto	l3175
  3043  000EF6  EF81  F007         u2140:
  3044  000EFA                     	goto	l3181
  3045  000EFA  EFAB  F007         	
  3046                           l3173:; BSR set to: 1
  3047  000EFE                     
  3048                           	goto	l3181
  3049  000EFE  EFAB  F007         	
  3050                           l252:; BSR set to: 1
  3051  000F02                     
  3052                           	
  3053                           l3175:; BSR set to: 1
  3054  000F02                     
  3055                           	movlw	01h
  3056  000F02  0E01               	addwf	((main@i_711))&0ffh,w
  3057  000F04  256A               	movlb	0	; () banked
  3058  000F06  0100               	movwf	(??_main+0+0)&0ffh
  3059  000F08  6FF4               	movlw	0
  3060  000F0A  0E00               	movlb	1	; () banked
  3061  000F0C  0101               	addwfc	((main@i_711+1))&0ffh,w
  3062  000F0E  216B               	movlb	0	; () banked
  3063  000F10  0100               	movwf	(??_main+0+0+1)&0ffh
  3064  000F12  6FF5               	movlw	low(_pista)
  3065  000F14  0EDC               	addwf	(??_main+0+0)&0ffh,w
  3066  000F16  25F4               	movwf	c:fsr2l
  3067  000F18  6ED9               	movlw	high(_pista)
  3068  000F1A  0E00               	addwfc	(??_main+0+1)&0ffh,w
  3069  000F1C  21F5               	movwf	1+c:fsr2l
  3070  000F1E  6EDA               	movlw	low(_pista)
  3071  000F20  0EDC               	movlb	1	; () banked
  3072  000F22  0101               	addwf	((main@i_711))&0ffh,w
  3073  000F24  256A               	movwf	c:fsr1l
  3074  000F26  6EE1               	movlw	high(_pista)
  3075  000F28  0E00               	addwfc	((main@i_711+1))&0ffh,w
  3076  000F2A  216B               	movwf	1+c:fsr1l
  3077  000F2C  6EE2               	movff	indf2,indf1
  3078  000F2E  CFDF FFE7          	
  3079                           l3177:; BSR set to: 1
  3080  000F32                     
  3081                           	infsnz	((main@i_711))&0ffh
  3082  000F32  4B6A               	incf	((main@i_711+1))&0ffh
  3083  000F34  2B6B               	
  3084                           l3179:; BSR set to: 1
  3085  000F36                     
  3086                           	btfsc	((main@i_711+1))&0ffh,7
  3087  000F36  BF6B               	goto	u2151
  3088  000F38  EFA7  F007         	movf	((main@i_711+1))&0ffh,w
  3089  000F3C  516B               	bnz	u2150
  3090  000F3E  E109               	movlw	15
  3091  000F40  0E0F               	subwf	 ((main@i_711))&0ffh,w
  3092  000F42  5D6A               	btfss	status,0
  3093  000F44  A0D8               	goto	u2151
  3094  000F46  EFA7  F007         	goto	u2150
  3095  000F4A  EFA9  F007         
  3096                           u2151:
  3097  000F4E                     	goto	l3175
  3098  000F4E  EF81  F007         u2150:
  3099  000F52                     	goto	l3181
  3100  000F52  EFAB  F007         	
  3101                           l253:; BSR set to: 1
  3102  000F56                     
  3103                           	line	237
  3104                           	
  3105                           l3181:; BSR set to: 1
  3106  000F56                     
  3107                           ;TaikoPic.c: 237: pista[15] = beatmap_real[index_musica];
  3108                           	movlw	low(_beatmap_real)
  3109  000F56  0E60               	addwf	((c:_index_musica)),c,w
  3110  000F58  2436               	movwf	c:fsr2l
  3111  000F5A  6ED9               	movlw	high(_beatmap_real)
  3112  000F5C  0E00               	addwfc	((c:_index_musica+1)),c,w
  3113  000F5E  2037               	movwf	1+c:fsr2l
  3114  000F60  6EDA               	movf	indf2,w
  3115  000F62  50DF               	movlb	0	; () banked
  3116  000F64  0100               	movwf	(0+(_pista+0Fh))&0ffh
  3117  000F66  6FEB               	line	238
  3118                           	
  3119                           l3183:; BSR set to: 0
  3120  000F68                     
  3121                           ;TaikoPic.c: 238: index_musica++;
  3122                           	infsnz	((c:_index_musica)),c
  3123  000F68  4A36               	incf	((c:_index_musica+1)),c
  3124  000F6A  2A37               	line	240
  3125                           	
  3126                           l3185:; BSR set to: 0
  3127  000F6C                     
  3128                           ;TaikoPic.c: 240: WriteCmdXLCD(0xC0);
  3129                           	movlw	(0C0h)&0ffh
  3130  000F6C  0EC0               	
  3131                           	call	_WriteCmdXLCD
  3132  000F6E  EC5C  F00E         	line	241
  3133                           	
  3134                           l3187:
  3135  000F72                     ;TaikoPic.c: 241: WriteDataXLCD('>');
  3136                           	movlw	(03Eh)&0ffh
  3137  000F72  0E3E               	
  3138                           	call	_WriteDataXLCD
  3139  000F74  EC3B  F00E         	line	242
  3140                           	
  3141                           l3189:
  3142  000F78                     ;TaikoPic.c: 242: for(int i = 1; i < 16; i++) {
  3143                           	movlw	high(01h)
  3144  000F78  0E00               	movlb	1	; () banked
  3145  000F7A  0101               	movwf	((main@i_712+1))&0ffh
  3146  000F7C  6F6D               	movlw	low(01h)
  3147  000F7E  0E01               	movwf	((main@i_712))&0ffh
  3148  000F80  6F6C               	
  3149                           l3191:; BSR set to: 1
  3150  000F82                     
  3151                           	btfsc	((main@i_712+1))&0ffh,7
  3152  000F82  BF6D               	goto	u2161
  3153  000F84  EFCD  F007         	movf	((main@i_712+1))&0ffh,w
  3154  000F88  516D               	bnz	u2160
  3155  000F8A  E109               	movlw	16
  3156  000F8C  0E10               	subwf	 ((main@i_712))&0ffh,w
  3157  000F8E  5D6C               	btfss	status,0
  3158  000F90  A0D8               	goto	u2161
  3159  000F92  EFCD  F007         	goto	u2160
  3160  000F96  EFCF  F007         
  3161                           u2161:
  3162  000F9A                     	goto	l3195
  3163  000F9A  EFD3  F007         u2160:
  3164  000F9E                     	goto	l3209
  3165  000F9E  EF19  F008         	
  3166                           l3193:; BSR set to: 1
  3167  000FA2                     
  3168                           	goto	l3209
  3169  000FA2  EF19  F008         	
  3170                           l254:; BSR set to: 1
  3171  000FA6                     
  3172                           	line	243
  3173                           	
  3174                           l3195:; BSR set to: 1
  3175  000FA6                     
  3176                           ;TaikoPic.c: 243: if(pista[i] == 1) WriteDataXLCD(0);
  3177                           	movlw	low(_pista)
  3178  000FA6  0EDC               	addwf	((main@i_712))&0ffh,w
  3179  000FA8  256C               	movwf	c:fsr2l
  3180  000FAA  6ED9               	movlw	high(_pista)
  3181  000FAC  0E00               	addwfc	((main@i_712+1))&0ffh,w
  3182  000FAE  216D               	movwf	1+c:fsr2l
  3183  000FB0  6EDA               	decf	postinc2,w
  3184  000FB2  04DE               	btfss	status,2
  3185  000FB4  A4D8               	goto	u2171
  3186  000FB6  EFDF  F007         	goto	u2170
  3187  000FBA  EFE1  F007         
  3188                           u2171:
  3189  000FBE                     	goto	l3199
  3190  000FBE  EFE6  F007         u2170:
  3191  000FC2                     	
  3192                           l3197:; BSR set to: 1
  3193  000FC2                     
  3194                           	movlw	(0)&0ffh
  3195  000FC2  0E00               	
  3196                           	call	_WriteDataXLCD
  3197  000FC4  EC3B  F00E         	goto	l3205
  3198  000FC8  EF02  F008         	line	244
  3199                           	
  3200                           l256:
  3201  000FCC                     	
  3202                           l3199:
  3203  000FCC                     ;TaikoPic.c: 244: else if(pista[i] == 2) WriteDataXLCD(1);
  3204                           	movlw	low(_pista)
  3205  000FCC  0EDC               	movlb	1	; () banked
  3206  000FCE  0101               	addwf	((main@i_712))&0ffh,w
  3207  000FD0  256C               	movwf	c:fsr2l
  3208  000FD2  6ED9               	movlw	high(_pista)
  3209  000FD4  0E00               	addwfc	((main@i_712+1))&0ffh,w
  3210  000FD6  216D               	movwf	1+c:fsr2l
  3211  000FD8  6EDA               	movlw	2
  3212  000FDA  0E02               	xorwf	postinc2,w
  3213  000FDC  18DE               	btfss	status,2
  3214  000FDE  A4D8               	goto	u2181
  3215  000FE0  EFF4  F007         	goto	u2180
  3216  000FE4  EFF6  F007         
  3217                           u2181:
  3218  000FE8                     	goto	l3203
  3219  000FE8  EFFB  F007         u2180:
  3220  000FEC                     	
  3221                           l3201:; BSR set to: 1
  3222  000FEC                     
  3223                           	movlw	(01h)&0ffh
  3224  000FEC  0E01               	
  3225                           	call	_WriteDataXLCD
  3226  000FEE  EC3B  F00E         	goto	l3205
  3227  000FF2  EF02  F008         	line	245
  3228                           	
  3229                           l258:
  3230  000FF6                     	
  3231                           l3203:
  3232  000FF6                     ;TaikoPic.c: 245: else WriteDataXLCD(' ');
  3233                           	movlw	(020h)&0ffh
  3234  000FF6  0E20               	
  3235                           	call	_WriteDataXLCD
  3236  000FF8  EC3B  F00E         	goto	l3205
  3237  000FFC  EF02  F008         	
  3238                           l259:
  3239  001000                     	goto	l3205
  3240  001000  EF02  F008         	
  3241                           l257:
  3242  001004                     	line	242
  3243                           	
  3244                           l3205:
  3245  001004                     	movlb	1	; () banked
  3246  001004  0101               	infsnz	((main@i_712))&0ffh
  3247  001006  4B6C               	incf	((main@i_712+1))&0ffh
  3248  001008  2B6D               	
  3249                           l3207:; BSR set to: 1
  3250  00100A                     
  3251                           	btfsc	((main@i_712+1))&0ffh,7
  3252  00100A  BF6D               	goto	u2191
  3253  00100C  EF11  F008         	movf	((main@i_712+1))&0ffh,w
  3254  001010  516D               	bnz	u2190
  3255  001012  E109               	movlw	16
  3256  001014  0E10               	subwf	 ((main@i_712))&0ffh,w
  3257  001016  5D6C               	btfss	status,0
  3258  001018  A0D8               	goto	u2191
  3259  00101A  EF11  F008         	goto	u2190
  3260  00101E  EF13  F008         
  3261                           u2191:
  3262  001022                     	goto	l3195
  3263  001022  EFD3  F007         u2190:
  3264  001026                     	goto	l3209
  3265  001026  EF19  F008         	
  3266                           l255:; BSR set to: 1
  3267  00102A                     
  3268                           	goto	l3209
  3269  00102A  EF19  F008         	line	247
  3270                           	
  3271                           l249:; BSR set to: 1
  3272  00102E                     
  3273                           	goto	l3209
  3274  00102E  EF19  F008         	line	248
  3275                           	
  3276                           l243:; BSR set to: 1
  3277  001032                     
  3278                           	line	214
  3279                           	
  3280                           l3209:
  3281  001032                     	btfsc	((c:_index_musica+1)),c,7
  3282  001032  BE37               	goto	u2201
  3283  001034  EF25  F008         	movf	((c:_index_musica+1)),c,w
  3284  001038  5037               	bnz	u2200
  3285  00103A  E109               	movlw	62
  3286  00103C  0E3E               	subwf	 ((c:_index_musica)),c,w
  3287  00103E  5C36               	btfss	status,0
  3288  001040  A0D8               	goto	u2201
  3289  001042  EF25  F008         	goto	u2200
  3290  001046  EF27  F008         
  3291                           u2201:
  3292  00104A                     	goto	l3133
  3293  00104A  EFAC  F006         u2200:
  3294  00104E                     	
  3295                           l260:
  3296  00104E                     	line	250
  3297                           ;TaikoPic.c: 246: }
  3298                           ;TaikoPic.c: 247: }
  3299                           ;TaikoPic.c: 248: }
  3300                           ;TaikoPic.c: 250: T0CONbits.TMR0ON = 0;
  3301                           	bcf	((c:4053)),c,7	;volatile
  3302  00104E  9ED5               	line	251
  3303                           ;TaikoPic.c: 251: INTCONbits.GIE = 0;
  3304                           	bcf	((c:4082)),c,7	;volatile
  3305  001050  9EF2               	line	252
  3306                           	
  3307                           l3211:
  3308  001052                     ;TaikoPic.c: 252: CCPR1L = 0;
  3309                           	movlw	low(0)
  3310  001052  0E00               	movwf	((c:4030)),c	;volatile
  3311  001054  6EBE               	line	253
  3312                           	
  3313                           l3213:
  3314  001056                     ;TaikoPic.c: 253: WriteCmdXLCD(0x01);
  3315                           	movlw	(01h)&0ffh
  3316  001056  0E01               	
  3317                           	call	_WriteCmdXLCD
  3318  001058  EC5C  F00E         	line	254
  3319                           	
  3320                           l3215:
  3321  00105C                     ;TaikoPic.c: 254: _delay((unsigned long)((2)*(20000000/4000.0)));
  3322                           	opt asmopt_push
  3323                           opt asmopt_off
  3324                           movlw	13
  3325  00105C  0E0D               	movlb	0	; () banked
  3326  00105E  0100               movwf	(??_main+0+0)&0ffh,f
  3327  001060  6FF4               	movlw	251
  3328  001062  0EFB               u2307:
  3329  001064                     decfsz	wreg,f
  3330  001064  2EE8               	bra	u2307
  3331  001066  D7FE               	decfsz	(??_main+0+0)&0ffh,f
  3332  001068  2FF4               	bra	u2307
  3333  00106A  D7FC               	nop2
  3334  00106C  D000               opt asmopt_pop
  3335                           
  3336                           	line	256
  3337                           	
  3338                           l3217:
  3339  00106E                     ;TaikoPic.c: 256: if(pontuacao > high_score) {
  3340                           		movf	((c:_pontuacao)),c,w
  3341  00106E  5034               	subwf	((c:_high_score)),c,w
  3342  001070  5C32               	movf	((c:_pontuacao+1)),c,w
  3343  001072  5035               	subwfb	((c:_high_score+1)),c,w
  3344  001074  5833               	btfsc	status,0
  3345  001076  B0D8               	goto	u2211
  3346  001078  EF40  F008         	goto	u2210
  3347  00107C  EF42  F008         
  3348                           u2211:
  3349  001080                     	goto	l3227
  3350  001080  EF5B  F008         u2210:
  3351  001084                     	line	257
  3352                           	
  3353                           l3219:
  3354  001084                     ;TaikoPic.c: 257: high_score = pontuacao;
  3355                           	movff	(c:_pontuacao),(c:_high_score)
  3356  001084  C034  F032         	movff	(c:_pontuacao+1),(c:_high_score+1)
  3357  001088  C035  F033         	line	258
  3358                           	
  3359                           l3221:
  3360  00108C                     ;TaikoPic.c: 258: escrever_EEPROM(0, (pontuacao & 0xFF));
  3361                           	movff	(c:_pontuacao),(c:escrever_EEPROM@dado)
  3362  00108C  C034  F019         	movlw	(0)&0ffh
  3363  001090  0E00               	
  3364                           	call	_escrever_EEPROM
  3365  001092  ECF7  F00D         	line	259
  3366                           ;TaikoPic.c: 259: escrever_EEPROM(1, (pontuacao >> 8));
  3367                           	movf	((c:_pontuacao+1)),c,w
  3368  001096  5035               	movwf	((c:escrever_EEPROM@dado)),c
  3369  001098  6E19               	movlw	(01h)&0ffh
  3370  00109A  0E01               	
  3371                           	call	_escrever_EEPROM
  3372  00109C  ECF7  F00D         	line	260
  3373                           	
  3374                           l3223:
  3375  0010A0                     ;TaikoPic.c: 260: WriteCmdXLCD(0x80);
  3376                           	movlw	(080h)&0ffh
  3377  0010A0  0E80               	
  3378                           	call	_WriteCmdXLCD
  3379  0010A2  EC5C  F00E         	line	261
  3380                           	
  3381                           l3225:
  3382  0010A6                     ;TaikoPic.c: 261: putsXLCD("NOVO RECORDE!   ");
  3383                           		movlw	low(STR_7)
  3384  0010A6  0E12               	movwf	((c:putsXLCD@buffer)),c
  3385  0010A8  6E1A               	movlw	high(STR_7)
  3386  0010AA  0E08               	movwf	((c:putsXLCD@buffer+1)),c
  3387  0010AC  6E1B               
  3388                           	call	_putsXLCD	;wreg free
  3389  0010AE  EC9D  F00D         	line	262
  3390                           ;TaikoPic.c: 262: } else {
  3391                           	goto	l262
  3392  0010B2  EFC0  F008         	
  3393                           l261:
  3394  0010B6                     	line	263
  3395                           	
  3396                           l3227:
  3397  0010B6                     ;TaikoPic.c: 263: WriteCmdXLCD(0x80); putsXLCD("Pts: ");
  3398                           	movlw	(080h)&0ffh
  3399  0010B6  0E80               	
  3400                           	call	_WriteCmdXLCD
  3401  0010B8  EC5C  F00E         	
  3402                           l3229:
  3403  0010BC                     		movlw	low(STR_8)
  3404  0010BC  0E57               	movwf	((c:putsXLCD@buffer)),c
  3405  0010BE  6E1A               	movlw	high(STR_8)
  3406  0010C0  0E08               	movwf	((c:putsXLCD@buffer+1)),c
  3407  0010C2  6E1B               
  3408                           	call	_putsXLCD	;wreg free
  3409  0010C4  EC9D  F00D         	line	264
  3410                           	
  3411                           l3231:
  3412  0010C8                     ;TaikoPic.c: 264: WriteDataXLCD((pontuacao / 1000) % 10 + '0');
  3413                           	movlw	high(03E8h)
  3414  0010C8  0E03               	movwf	((c:___lwdiv@divisor+1)),c
  3415  0010CA  6E1C               	movlw	low(03E8h)
  3416  0010CC  0EE8               	movwf	((c:___lwdiv@divisor)),c
  3417  0010CE  6E1B               	movff	(c:_pontuacao),(c:___lwdiv@dividend)
  3418  0010D0  C034  F019         	movff	(c:_pontuacao+1),(c:___lwdiv@dividend+1)
  3419  0010D4  C035  F01A         	call	___lwdiv	;wreg free
  3420  0010D8  ECB4  F00C         	movff	0+?___lwdiv,(c:___lwmod@dividend)
  3421  0010DC  C019  F020         	movff	1+?___lwdiv,(c:___lwmod@dividend+1)
  3422  0010E0  C01A  F021         	movlw	high(0Ah)
  3423  0010E4  0E00               	movwf	((c:___lwmod@divisor+1)),c
  3424  0010E6  6E23               	movlw	low(0Ah)
  3425  0010E8  0E0A               	movwf	((c:___lwmod@divisor)),c
  3426  0010EA  6E22               	call	___lwmod	;wreg free
  3427  0010EC  ECF8  F00C         	movf	(0+?___lwmod),c,w
  3428  0010F0  5020               	addlw	low(030h)
  3429  0010F2  0F30               	
  3430                           	call	_WriteDataXLCD
  3431  0010F4  EC3B  F00E         	line	265
  3432                           	
  3433                           l3233:
  3434  0010F8                     ;TaikoPic.c: 265: WriteDataXLCD((pontuacao / 100) % 10 + '0');
  3435                           	movlw	high(064h)
  3436  0010F8  0E00               	movwf	((c:___lwdiv@divisor+1)),c
  3437  0010FA  6E1C               	movlw	low(064h)
  3438  0010FC  0E64               	movwf	((c:___lwdiv@divisor)),c
  3439  0010FE  6E1B               	movff	(c:_pontuacao),(c:___lwdiv@dividend)
  3440  001100  C034  F019         	movff	(c:_pontuacao+1),(c:___lwdiv@dividend+1)
  3441  001104  C035  F01A         	call	___lwdiv	;wreg free
  3442  001108  ECB4  F00C         	movff	0+?___lwdiv,(c:___lwmod@dividend)
  3443  00110C  C019  F020         	movff	1+?___lwdiv,(c:___lwmod@dividend+1)
  3444  001110  C01A  F021         	movlw	high(0Ah)
  3445  001114  0E00               	movwf	((c:___lwmod@divisor+1)),c
  3446  001116  6E23               	movlw	low(0Ah)
  3447  001118  0E0A               	movwf	((c:___lwmod@divisor)),c
  3448  00111A  6E22               	call	___lwmod	;wreg free
  3449  00111C  ECF8  F00C         	movf	(0+?___lwmod),c,w
  3450  001120  5020               	addlw	low(030h)
  3451  001122  0F30               	
  3452                           	call	_WriteDataXLCD
  3453  001124  EC3B  F00E         	line	266
  3454                           	
  3455                           l3235:
  3456  001128                     ;TaikoPic.c: 266: WriteDataXLCD((pontuacao / 10) % 10 + '0');
  3457                           	movlw	high(0Ah)
  3458  001128  0E00               	movwf	((c:___lwdiv@divisor+1)),c
  3459  00112A  6E1C               	movlw	low(0Ah)
  3460  00112C  0E0A               	movwf	((c:___lwdiv@divisor)),c
  3461  00112E  6E1B               	movff	(c:_pontuacao),(c:___lwdiv@dividend)
  3462  001130  C034  F019         	movff	(c:_pontuacao+1),(c:___lwdiv@dividend+1)
  3463  001134  C035  F01A         	call	___lwdiv	;wreg free
  3464  001138  ECB4  F00C         	movff	0+?___lwdiv,(c:___lwmod@dividend)
  3465  00113C  C019  F020         	movff	1+?___lwdiv,(c:___lwmod@dividend+1)
  3466  001140  C01A  F021         	movlw	high(0Ah)
  3467  001144  0E00               	movwf	((c:___lwmod@divisor+1)),c
  3468  001146  6E23               	movlw	low(0Ah)
  3469  001148  0E0A               	movwf	((c:___lwmod@divisor)),c
  3470  00114A  6E22               	call	___lwmod	;wreg free
  3471  00114C  ECF8  F00C         	movf	(0+?___lwmod),c,w
  3472  001150  5020               	addlw	low(030h)
  3473  001152  0F30               	
  3474                           	call	_WriteDataXLCD
  3475  001154  EC3B  F00E         	line	267
  3476                           	
  3477                           l3237:
  3478  001158                     ;TaikoPic.c: 267: WriteDataXLCD((pontuacao % 10) + '0'); putsXLCD(" FIM!");
  3479                           	movff	(c:_pontuacao),(c:___lwmod@dividend)
  3480  001158  C034  F020         	movff	(c:_pontuacao+1),(c:___lwmod@dividend+1)
  3481  00115C  C035  F021         	movlw	high(0Ah)
  3482  001160  0E00               	movwf	((c:___lwmod@divisor+1)),c
  3483  001162  6E23               	movlw	low(0Ah)
  3484  001164  0E0A               	movwf	((c:___lwmod@divisor)),c
  3485  001166  6E22               	call	___lwmod	;wreg free
  3486  001168  ECF8  F00C         	movf	(0+?___lwmod),c,w
  3487  00116C  5020               	addlw	low(030h)
  3488  00116E  0F30               	
  3489                           	call	_WriteDataXLCD
  3490  001170  EC3B  F00E         	
  3491                           l3239:
  3492  001174                     		movlw	low(STR_9)
  3493  001174  0E63               	movwf	((c:putsXLCD@buffer)),c
  3494  001176  6E1A               	movlw	high(STR_9)
  3495  001178  0E08               	movwf	((c:putsXLCD@buffer+1)),c
  3496  00117A  6E1B               
  3497                           	call	_putsXLCD	;wreg free
  3498  00117C  EC9D  F00D         	line	268
  3499                           	
  3500                           l262:
  3501  001180                     	line	270
  3502                           ;TaikoPic.c: 268: }
  3503                           ;TaikoPic.c: 270: WriteCmdXLCD(0xC0);
  3504                           	movlw	(0C0h)&0ffh
  3505  001180  0EC0               	
  3506                           	call	_WriteCmdXLCD
  3507  001182  EC5C  F00E         	line	271
  3508                           	
  3509                           l3241:
  3510  001186                     ;TaikoPic.c: 271: putsXLCD("Max: ");
  3511                           		movlw	low(STR_10)
  3512  001186  0E5D               	movwf	((c:putsXLCD@buffer)),c
  3513  001188  6E1A               	movlw	high(STR_10)
  3514  00118A  0E08               	movwf	((c:putsXLCD@buffer+1)),c
  3515  00118C  6E1B               
  3516                           	call	_putsXLCD	;wreg free
  3517  00118E  EC9D  F00D         	line	272
  3518                           	
  3519                           l3243:
  3520  001192                     ;TaikoPic.c: 272: WriteDataXLCD((high_score / 1000) % 10 + '0');
  3521                           	movlw	high(03E8h)
  3522  001192  0E03               	movwf	((c:___lwdiv@divisor+1)),c
  3523  001194  6E1C               	movlw	low(03E8h)
  3524  001196  0EE8               	movwf	((c:___lwdiv@divisor)),c
  3525  001198  6E1B               	movff	(c:_high_score),(c:___lwdiv@dividend)
  3526  00119A  C032  F019         	movff	(c:_high_score+1),(c:___lwdiv@dividend+1)
  3527  00119E  C033  F01A         	call	___lwdiv	;wreg free
  3528  0011A2  ECB4  F00C         	movff	0+?___lwdiv,(c:___lwmod@dividend)
  3529  0011A6  C019  F020         	movff	1+?___lwdiv,(c:___lwmod@dividend+1)
  3530  0011AA  C01A  F021         	movlw	high(0Ah)
  3531  0011AE  0E00               	movwf	((c:___lwmod@divisor+1)),c
  3532  0011B0  6E23               	movlw	low(0Ah)
  3533  0011B2  0E0A               	movwf	((c:___lwmod@divisor)),c
  3534  0011B4  6E22               	call	___lwmod	;wreg free
  3535  0011B6  ECF8  F00C         	movf	(0+?___lwmod),c,w
  3536  0011BA  5020               	addlw	low(030h)
  3537  0011BC  0F30               	
  3538                           	call	_WriteDataXLCD
  3539  0011BE  EC3B  F00E         	line	273
  3540                           	
  3541                           l3245:
  3542  0011C2                     ;TaikoPic.c: 273: WriteDataXLCD((high_score / 100) % 10 + '0');
  3543                           	movlw	high(064h)
  3544  0011C2  0E00               	movwf	((c:___lwdiv@divisor+1)),c
  3545  0011C4  6E1C               	movlw	low(064h)
  3546  0011C6  0E64               	movwf	((c:___lwdiv@divisor)),c
  3547  0011C8  6E1B               	movff	(c:_high_score),(c:___lwdiv@dividend)
  3548  0011CA  C032  F019         	movff	(c:_high_score+1),(c:___lwdiv@dividend+1)
  3549  0011CE  C033  F01A         	call	___lwdiv	;wreg free
  3550  0011D2  ECB4  F00C         	movff	0+?___lwdiv,(c:___lwmod@dividend)
  3551  0011D6  C019  F020         	movff	1+?___lwdiv,(c:___lwmod@dividend+1)
  3552  0011DA  C01A  F021         	movlw	high(0Ah)
  3553  0011DE  0E00               	movwf	((c:___lwmod@divisor+1)),c
  3554  0011E0  6E23               	movlw	low(0Ah)
  3555  0011E2  0E0A               	movwf	((c:___lwmod@divisor)),c
  3556  0011E4  6E22               	call	___lwmod	;wreg free
  3557  0011E6  ECF8  F00C         	movf	(0+?___lwmod),c,w
  3558  0011EA  5020               	addlw	low(030h)
  3559  0011EC  0F30               	
  3560                           	call	_WriteDataXLCD
  3561  0011EE  EC3B  F00E         	line	274
  3562                           	
  3563                           l3247:
  3564  0011F2                     ;TaikoPic.c: 274: WriteDataXLCD((high_score / 10) % 10 + '0');
  3565                           	movlw	high(0Ah)
  3566  0011F2  0E00               	movwf	((c:___lwdiv@divisor+1)),c
  3567  0011F4  6E1C               	movlw	low(0Ah)
  3568  0011F6  0E0A               	movwf	((c:___lwdiv@divisor)),c
  3569  0011F8  6E1B               	movff	(c:_high_score),(c:___lwdiv@dividend)
  3570  0011FA  C032  F019         	movff	(c:_high_score+1),(c:___lwdiv@dividend+1)
  3571  0011FE  C033  F01A         	call	___lwdiv	;wreg free
  3572  001202  ECB4  F00C         	movff	0+?___lwdiv,(c:___lwmod@dividend)
  3573  001206  C019  F020         	movff	1+?___lwdiv,(c:___lwmod@dividend+1)
  3574  00120A  C01A  F021         	movlw	high(0Ah)
  3575  00120E  0E00               	movwf	((c:___lwmod@divisor+1)),c
  3576  001210  6E23               	movlw	low(0Ah)
  3577  001212  0E0A               	movwf	((c:___lwmod@divisor)),c
  3578  001214  6E22               	call	___lwmod	;wreg free
  3579  001216  ECF8  F00C         	movf	(0+?___lwmod),c,w
  3580  00121A  5020               	addlw	low(030h)
  3581  00121C  0F30               	
  3582                           	call	_WriteDataXLCD
  3583  00121E  EC3B  F00E         	line	275
  3584                           	
  3585                           l3249:
  3586  001222                     ;TaikoPic.c: 275: WriteDataXLCD((high_score % 10) + '0');
  3587                           	movff	(c:_high_score),(c:___lwmod@dividend)
  3588  001222  C032  F020         	movff	(c:_high_score+1),(c:___lwmod@dividend+1)
  3589  001226  C033  F021         	movlw	high(0Ah)
  3590  00122A  0E00               	movwf	((c:___lwmod@divisor+1)),c
  3591  00122C  6E23               	movlw	low(0Ah)
  3592  00122E  0E0A               	movwf	((c:___lwmod@divisor)),c
  3593  001230  6E22               	call	___lwmod	;wreg free
  3594  001232  ECF8  F00C         	movf	(0+?___lwmod),c,w
  3595  001236  5020               	addlw	low(030h)
  3596  001238  0F30               	
  3597                           	call	_WriteDataXLCD
  3598  00123A  EC3B  F00E         	line	276
  3599                           	
  3600                           l3251:
  3601  00123E                     ;TaikoPic.c: 276: putsXLCD(" ->(O)");
  3602                           		movlw	low(STR_11)
  3603  00123E  0E50               	movwf	((c:putsXLCD@buffer)),c
  3604  001240  6E1A               	movlw	high(STR_11)
  3605  001242  0E08               	movwf	((c:putsXLCD@buffer+1)),c
  3606  001244  6E1B               
  3607                           	call	_putsXLCD	;wreg free
  3608  001246  EC9D  F00D         	line	278
  3609                           ;TaikoPic.c: 278: while(PORTBbits.RB0 == 0);
  3610                           	goto	l263
  3611  00124A  EF27  F009         	
  3612                           l264:
  3613  00124E                     	
  3614                           l263:
  3615  00124E                     	btfss	((c:3969)),c,0	;volatile
  3616  00124E  A081               	goto	u2221
  3617  001250  EF2C  F009         	goto	u2220
  3618  001254  EF2E  F009         u2221:
  3619  001258                     	goto	l263
  3620  001258  EF27  F009         u2220:
  3621  00125C                     	goto	l3253
  3622  00125C  EF30  F009         	
  3623                           l265:
  3624  001260                     	line	279
  3625                           	
  3626                           l3253:
  3627  001260                     ;TaikoPic.c: 279: _delay((unsigned long)((50)*(20000000/4000.0)));
  3628                           	opt asmopt_push
  3629                           opt asmopt_off
  3630                           movlw  2
  3631  001260  0E02               	movlb	0	; () banked
  3632  001262  0100               movwf	(??_main+0+0+1)&0ffh,f
  3633  001264  6FF5               movlw	69
  3634  001266  0E45               movwf	(??_main+0+0)&0ffh,f
  3635  001268  6FF4               	movlw	169
  3636  00126A  0EA9               u2317:
  3637  00126C                     decfsz	wreg,f
  3638  00126C  2EE8               	bra	u2317
  3639  00126E  D7FE               	decfsz	(??_main+0+0)&0ffh,f
  3640  001270  2FF4               	bra	u2317
  3641  001272  D7FC               	decfsz	(??_main+0+0+1)&0ffh,f
  3642  001274  2FF5               	bra	u2317
  3643  001276  D7FA               	nop2
  3644  001278  D000               opt asmopt_pop
  3645                           
  3646                           	line	280
  3647                           ;TaikoPic.c: 280: while(PORTBbits.RB0 == 1);
  3648                           	goto	l266
  3649  00127A  EF3F  F009         	
  3650                           l267:
  3651  00127E                     	
  3652                           l266:
  3653  00127E                     	btfsc	((c:3969)),c,0	;volatile
  3654  00127E  B081               	goto	u2231
  3655  001280  EF44  F009         	goto	u2230
  3656  001284  EF46  F009         u2231:
  3657  001288                     	goto	l266
  3658  001288  EF3F  F009         u2230:
  3659  00128C                     	goto	l235
  3660  00128C  EF6F  F005         	
  3661                           l268:
  3662  001290                     	goto	l235
  3663  001290  EF6F  F005         	line	281
  3664                           	
  3665                           l269:
  3666  001294                     	line	166
  3667                           	goto	l235
  3668  001294  EF6F  F005         	
  3669                           l270:
  3670  001298                     	line	282
  3671                           	
  3672                           l271:
  3673  001298                     	global	start
  3674                           	goto	start
  3675  001298  EF07  F000         	opt stack 0
  3676                           GLOBAL	__end_of_main
  3677                           	__end_of_main:
  3678  00129C                     	signat	_main,89
  3679                           	global	_tocar_som
  3680                           
  3681 ;; *************** function _tocar_som *****************
  3682 ;; Defined at:
  3683 ;;		line 70 in file "TaikoPic.c"
  3684 ;; Parameters:    Size  Location     Type
  3685 ;;  tipo            1    wreg     unsigned char 
  3686 ;; Auto vars:     Size  Location     Type
  3687 ;;  tipo            1   29[COMRAM] unsigned char 
  3688 ;;  timer2_on       1   28[COMRAM] unsigned char 
  3689 ;;  ccpr1l_antig    1   27[COMRAM] unsigned char 
  3690 ;;  pr2_antigo      1   26[COMRAM] unsigned char 
  3691 ;; Return value:  Size  Location     Type
  3692 ;;                  1    wreg      void 
  3693 ;; Registers used:
  3694 ;;		wreg, status,2, status,0
  3695 ;; Tracked objects:
  3696 ;;		On entry : 0/0
  3697 ;;		On exit  : 0/0
  3698 ;;		Unchanged: 0/0
  3699 ;; Data sizes:     COMRAM   BANK0   BANK1   BANK2   BANK3   BANK4   BANK5   BANK6   BANK7
  3700 ;;      Params:         0       0       0       0       0       0       0       0       0
  3701 ;;      Locals:         4       0       0       0       0       0       0       0       0
  3702 ;;      Temps:          2       0       0       0       0       0       0       0       0
  3703 ;;      Totals:         6       0       0       0       0       0       0       0       0
  3704 ;;Total ram usage:        6 bytes
  3705 ;; Hardware stack levels used:    1
  3706 ;; Hardware stack levels required when called:    2
  3707 ;; This function calls:
  3708 ;;		Nothing
  3709 ;; This function is called by:
  3710 ;;		_main
  3711 ;; This function uses a non-reentrant model
  3712 ;;
  3713                           psect	text1,class=CODE,space=0,reloc=2,group=0
  3714                           	line	70
  3715                           global __ptext1
  3716                           __ptext1:
  3717  0017C2                     psect	text1
  3718                           	file	"TaikoPic.c"
  3719                           	line	70
  3720                           	global	__size_of_tocar_som
  3721                           	__size_of_tocar_som	equ	__end_of_tocar_som-_tocar_som
  3722  0000                     	
  3723                           _tocar_som:
  3724  0017C2                     ;incstack = 0
  3725                           	opt	stack 28
  3726                           ;tocar_som@tipo stored from wreg
  3727                           	movwf	((c:tocar_som@tipo)),c
  3728  0017C2  6E1E               	line	71
  3729                           	
  3730                           l2727:
  3731  0017C4                     ;TaikoPic.c: 71: unsigned char pr2_antigo = PR2;
  3732                           	movff	(c:4043),(c:tocar_som@pr2_antigo)	;volatile
  3733  0017C4  CFCB F01B          	line	72
  3734                           ;TaikoPic.c: 72: unsigned char ccpr1l_antigo = CCPR1L;
  3735                           	movff	(c:4030),(c:tocar_som@ccpr1l_antigo)	;volatile
  3736  0017C8  CFBE F01C          	line	73
  3737                           ;TaikoPic.c: 73: char timer2_on = T2CONbits.TMR2ON;
  3738                           	movlw	0
  3739  0017CC  0E00               	btfsc	((c:4042)),c,2	;volatile
  3740  0017CE  B4CA               	movlw	1
  3741  0017D0  0E01               	movwf	((c:tocar_som@timer2_on)),c
  3742  0017D2  6E1D               	line	75
  3743                           	
  3744                           l2729:
  3745  0017D4                     ;TaikoPic.c: 75: T2CON = 0b00000111;
  3746                           	movlw	low(07h)
  3747  0017D4  0E07               	movwf	((c:4042)),c	;volatile
  3748  0017D6  6ECA               	line	76
  3749                           ;TaikoPic.c: 76: CCP1CON = 0b00001100;
  3750                           	movlw	low(0Ch)
  3751  0017D8  0E0C               	movwf	((c:4029)),c	;volatile
  3752  0017DA  6EBD               	line	78
  3753                           	
  3754                           l2731:
  3755  0017DC                     ;TaikoPic.c: 78: if(tipo == 1) { PR2 = 180; CCPR1L = 90; }
  3756                           		decf	((c:tocar_som@tipo)),c,w
  3757  0017DC  041E               	btfss	status,2
  3758  0017DE  A4D8               	goto	u1671
  3759  0017E0  EFF4  F00B         	goto	u1670
  3760  0017E4  EFF6  F00B         
  3761                           u1671:
  3762  0017E8                     	goto	l2735
  3763  0017E8  EFFC  F00B         u1670:
  3764  0017EC                     	
  3765                           l2733:
  3766  0017EC                     	movlw	low(0B4h)
  3767  0017EC  0EB4               	movwf	((c:4043)),c	;volatile
  3768  0017EE  6ECB               	movlw	low(05Ah)
  3769  0017F0  0E5A               	movwf	((c:4030)),c	;volatile
  3770  0017F2  6EBE               	goto	l2741
  3771  0017F4  EF13  F00C         	line	79
  3772                           	
  3773                           l196:
  3774  0017F8                     	
  3775                           l2735:
  3776  0017F8                     ;TaikoPic.c: 79: else if(tipo == 2) { PR2 = 80; CCPR1L = 40; }
  3777                           		movlw	2
  3778  0017F8  0E02               	xorwf	((c:tocar_som@tipo)),c,w
  3779  0017FA  181E               	btfss	status,2
  3780  0017FC  A4D8               	goto	u1681
  3781  0017FE  EF03  F00C         	goto	u1680
  3782  001802  EF05  F00C         
  3783                           u1681:
  3784  001806                     	goto	l2739
  3785  001806  EF0B  F00C         u1680:
  3786  00180A                     	
  3787                           l2737:
  3788  00180A                     	movlw	low(050h)
  3789  00180A  0E50               	movwf	((c:4043)),c	;volatile
  3790  00180C  6ECB               	movlw	low(028h)
  3791  00180E  0E28               	movwf	((c:4030)),c	;volatile
  3792  001810  6EBE               	goto	l2741
  3793  001812  EF13  F00C         	line	80
  3794                           	
  3795                           l198:
  3796  001816                     	
  3797                           l2739:
  3798  001816                     ;TaikoPic.c: 80: else { PR2 = 250; CCPR1L = 125; }
  3799                           	movlw	low(0FAh)
  3800  001816  0EFA               	movwf	((c:4043)),c	;volatile
  3801  001818  6ECB               	movlw	low(07Dh)
  3802  00181A  0E7D               	movwf	((c:4030)),c	;volatile
  3803  00181C  6EBE               	goto	l2741
  3804  00181E  EF13  F00C         	
  3805                           l199:
  3806  001822                     	goto	l2741
  3807  001822  EF13  F00C         	
  3808                           l197:
  3809  001826                     	line	82
  3810                           	
  3811                           l2741:
  3812  001826                     ;TaikoPic.c: 82: _delay((unsigned long)((50)*(20000000/4000.0)));
  3813                           	opt asmopt_push
  3814                           opt asmopt_off
  3815                           movlw  2
  3816  001826  0E02               movwf	(??_tocar_som+0+0+1)&0ffh,c,f
  3817  001828  6E1A               movlw	69
  3818  00182A  0E45               movwf	(??_tocar_som+0+0)&0ffh,c,f
  3819  00182C  6E19               	movlw	170
  3820  00182E  0EAA               u2327:
  3821  001830                     decfsz	wreg,f
  3822  001830  2EE8               	bra	u2327
  3823  001832  D7FE               	decfsz	(??_tocar_som+0+0)&0ffh,c,f
  3824  001834  2E19               	bra	u2327
  3825  001836  D7FC               	decfsz	(??_tocar_som+0+0+1)&0ffh,c,f
  3826  001838  2E1A               	bra	u2327
  3827  00183A  D7FA               opt asmopt_pop
  3828                           
  3829                           	line	84
  3830                           	
  3831                           l2743:
  3832  00183C                     ;TaikoPic.c: 84: PR2 = pr2_antigo;
  3833                           	movff	(c:tocar_som@pr2_antigo),(c:4043)	;volatile
  3834  00183C  C01B  FFCB         	line	85
  3835                           	
  3836                           l2745:
  3837  001840                     ;TaikoPic.c: 85: CCPR1L = ccpr1l_antigo;
  3838                           	movff	(c:tocar_som@ccpr1l_antigo),(c:4030)	;volatile
  3839  001840  C01C  FFBE         	line	86
  3840                           	
  3841                           l2747:
  3842  001844                     ;TaikoPic.c: 86: T2CONbits.TMR2ON = timer2_on;
  3843                           	btfsc	(c:tocar_som@timer2_on),c,0
  3844  001844  B01D               	bra	u1695
  3845  001846  D002               	bcf	((c:4042)),c,2	;volatile
  3846  001848  94CA               	bra	u1696
  3847  00184A  D001               	u1695:
  3848  00184C                     	bsf	((c:4042)),c,2	;volatile
  3849  00184C  84CA               	u1696:
  3850  00184E                     
  3851                           	line	87
  3852                           	
  3853                           l200:
  3854  00184E                     	return	;funcret
  3855  00184E  0012               	opt stack 0
  3856                           GLOBAL	__end_of_tocar_som
  3857                           	__end_of_tocar_som:
  3858  001850                     	signat	_tocar_som,4217
  3859                           	global	_putsXLCD
  3860                           
  3861 ;; *************** function _putsXLCD *****************
  3862 ;; Defined at:
  3863 ;;		line 510 in file "nxlcd.c"
  3864 ;; Parameters:    Size  Location     Type
  3865 ;;  buffer          2   25[COMRAM] PTR unsigned char 
  3866 ;;		 -> STR_11(7), STR_10(6), STR_9(6), STR_8(6), 
  3867 ;;		 -> STR_7(17), STR_6(7), STR_5(8), STR_4(17), 
  3868 ;;		 -> STR_3(3), STR_2(13), STR_1(17), 
  3869 ;; Auto vars:     Size  Location     Type
  3870 ;;		None
  3871 ;; Return value:  Size  Location     Type
  3872 ;;                  1    wreg      void 
  3873 ;; Registers used:
  3874 ;;		wreg, status,2, status,0, tblptrl, tblptrh, tblptru, cstack
  3875 ;; Tracked objects:
  3876 ;;		On entry : 0/0
  3877 ;;		On exit  : 0/0
  3878 ;;		Unchanged: 0/0
  3879 ;; Data sizes:     COMRAM   BANK0   BANK1   BANK2   BANK3   BANK4   BANK5   BANK6   BANK7
  3880 ;;      Params:         2       0       0       0       0       0       0       0       0
  3881 ;;      Locals:         0       0       0       0       0       0       0       0       0
  3882 ;;      Temps:          0       0       0       0       0       0       0       0       0
  3883 ;;      Totals:         2       0       0       0       0       0       0       0       0
  3884 ;;Total ram usage:        2 bytes
  3885 ;; Hardware stack levels used:    1
  3886 ;; Hardware stack levels required when called:    4
  3887 ;; This function calls:
  3888 ;;		_BusyXLCD
  3889 ;;		_WriteDataXLCD
  3890 ;; This function is called by:
  3891 ;;		_main
  3892 ;; This function uses a non-reentrant model
  3893 ;;
  3894                           psect	text2,class=CODE,space=0,reloc=2,group=0
  3895                           	file	"nxlcd.c"
  3896                           	line	510
  3897                           global __ptext2
  3898                           __ptext2:
  3899  001B3A                     psect	text2
  3900                           	file	"nxlcd.c"
  3901                           	line	510
  3902                           	global	__size_of_putsXLCD
  3903                           	__size_of_putsXLCD	equ	__end_of_putsXLCD-_putsXLCD
  3904  0000                     	
  3905                           _putsXLCD:
  3906  001B3A                     ;incstack = 0
  3907                           	opt	stack 26
  3908                           	line	512
  3909                           	
  3910                           l2685:
  3911  001B3A                     ;nxlcd.c: 512: while(*buffer)
  3912                           	goto	l2693
  3913  001B3A  EFBB  F00D         	
  3914                           l76:
  3915  001B3E                     	line	514
  3916                           ;nxlcd.c: 513: {
  3917                           ;nxlcd.c: 514: while(BusyXLCD());
  3918                           	goto	l2687
  3919  001B3E  EFA3  F00D         	
  3920                           l78:
  3921  001B42                     	goto	l2687
  3922  001B42  EFA3  F00D         	
  3923                           l77:
  3924  001B46                     	
  3925                           l2687:
  3926  001B46                     	call	_BusyXLCD	;wreg free
  3927  001B46  ECCC  F00D         	iorlw	0
  3928  001B4A  0900               	btfss	status,2
  3929  001B4C  A4D8               	goto	u1631
  3930  001B4E  EFAB  F00D         	goto	u1630
  3931  001B52  EFAD  F00D         u1631:
  3932  001B56                     	goto	l2687
  3933  001B56  EFA3  F00D         u1630:
  3934  001B5A                     	goto	l2689
  3935  001B5A  EFAF  F00D         	
  3936                           l79:
  3937  001B5E                     	line	515
  3938                           	
  3939                           l2689:
  3940  001B5E                     ;nxlcd.c: 515: WriteDataXLCD(*buffer);
  3941                           	movff	(c:putsXLCD@buffer),tblptrl
  3942  001B5E  C01A  FFF6         	movff	(c:putsXLCD@buffer+1),tblptrh
  3943  001B62  C01B  FFF7         	if	0	;tblptru may be non-zero
  3944  001B66                     	clrf	tblptru
  3946  001B66                     	if	0	;tblptru may be non-zero
  3947  001B66                     	global __mediumconst
  3948                           movlw	low highword(__mediumconst)
  3951  001B66                     	tblrd	*
  3952  001B66  0008               	
  3953                           	movf	tablat,w
  3954  001B68  50F5               	
  3955                           	call	_WriteDataXLCD
  3956  001B6A  EC3B  F00E         	line	516
  3957                           	
  3958                           l2691:
  3959  001B6E                     ;nxlcd.c: 516: buffer++;
  3960                           	infsnz	((c:putsXLCD@buffer)),c
  3961  001B6E  4A1A               	incf	((c:putsXLCD@buffer+1)),c
  3962  001B70  2A1B               	goto	l2693
  3963  001B72  EFBB  F00D         	line	517
  3964                           	
  3965                           l75:
  3966  001B76                     	line	512
  3967                           	
  3968                           l2693:
  3969  001B76                     	movff	(c:putsXLCD@buffer),tblptrl
  3970  001B76  C01A  FFF6         	movff	(c:putsXLCD@buffer+1),tblptrh
  3971  001B7A  C01B  FFF7         	if	0	;tblptru may be non-zero
  3972  001B7E                     	clrf	tblptru
  3974  001B7E                     	if	0	;tblptru may be non-zero
  3975  001B7E                     	global __mediumconst
  3976                           movlw	low highword(__mediumconst)
  3979  001B7E                     	tblrd	*
  3980  001B7E  0008               	
  3981                           	movf	tablat,w
  3982  001B80  50F5               	iorlw	0
  3983  001B82  0900               	btfss	status,2
  3984  001B84  A4D8               	goto	u1641
  3985  001B86  EFC7  F00D         	goto	u1640
  3986  001B8A  EFC9  F00D         u1641:
  3987  001B8E                     	goto	l2687
  3988  001B8E  EFA3  F00D         u1640:
  3989  001B92                     	goto	l81
  3990  001B92  EFCB  F00D         	
  3991                           l80:
  3992  001B96                     	line	519
  3993                           ;nxlcd.c: 517: }
  3994                           ;nxlcd.c: 518: return;
  3995                           	
  3996                           l81:
  3997  001B96                     	return	;funcret
  3998  001B96  0012               	opt stack 0
  3999                           GLOBAL	__end_of_putsXLCD
  4000                           	__end_of_putsXLCD:
  4001  001B98                     	signat	_putsXLCD,4217
  4002                           	global	_WriteDataXLCD
  4003                           
  4004 ;; *************** function _WriteDataXLCD *****************
  4005 ;; Defined at:
  4006 ;;		line 449 in file "nxlcd.c"
  4007 ;; Parameters:    Size  Location     Type
  4008 ;;  data            1    wreg     unsigned char 
  4009 ;; Auto vars:     Size  Location     Type
  4010 ;;  data            1   24[COMRAM] unsigned char 
  4011 ;; Return value:  Size  Location     Type
  4012 ;;                  1    wreg      void 
  4013 ;; Registers used:
  4014 ;;		wreg, status,2, status,0, cstack
  4015 ;; Tracked objects:
  4016 ;;		On entry : 0/0
  4017 ;;		On exit  : 0/0
  4018 ;;		Unchanged: 0/0
  4019 ;; Data sizes:     COMRAM   BANK0   BANK1   BANK2   BANK3   BANK4   BANK5   BANK6   BANK7
  4020 ;;      Params:         0       0       0       0       0       0       0       0       0
  4021 ;;      Locals:         1       0       0       0       0       0       0       0       0
  4022 ;;      Temps:          0       0       0       0       0       0       0       0       0
  4023 ;;      Totals:         1       0       0       0       0       0       0       0       0
  4024 ;;Total ram usage:        1 bytes
  4025 ;; Hardware stack levels used:    1
  4026 ;; Hardware stack levels required when called:    3
  4027 ;; This function calls:
  4028 ;;		_DelayFor18TCY
  4029 ;; This function is called by:
  4030 ;;		_putsXLCD
  4031 ;;		_main
  4032 ;;		_putrsXLCD
  4033 ;; This function uses a non-reentrant model
  4034 ;;
  4035                           psect	text3,class=CODE,space=0,reloc=2,group=0
  4036                           	line	449
  4037                           global __ptext3
  4038                           __ptext3:
  4039  001C76                     psect	text3
  4040                           	file	"nxlcd.c"
  4041                           	line	449
  4042                           	global	__size_of_WriteDataXLCD
  4043                           	__size_of_WriteDataXLCD	equ	__end_of_WriteDataXLCD-_WriteDataXLCD
  4044  0000                     	
  4045                           _WriteDataXLCD:
  4046  001C76                     ;incstack = 0
  4047                           	opt	stack 26
  4048                           ;WriteDataXLCD@data stored from wreg
  4049                           	movwf	((c:WriteDataXLCD@data)),c
  4050  001C76  6E19               	line	464
  4051                           	
  4052                           l2603:
  4053  001C78                     ;nxlcd.c: 464: TRISD &= 0x0f;
  4054                           	movlw	(0Fh)&0ffh
  4055  001C78  0E0F               	andwf	((c:3989)),c	;volatile
  4056  001C7A  1695               	line	465
  4057                           ;nxlcd.c: 465: PORTD &= 0x0f;
  4058                           	movlw	(0Fh)&0ffh
  4059  001C7C  0E0F               	andwf	((c:3971)),c	;volatile
  4060  001C7E  1683               	line	466
  4061                           ;nxlcd.c: 466: PORTD |= data&0xf0;
  4062                           	movf	((c:WriteDataXLCD@data)),c,w
  4063  001C80  5019               	andlw	low(0F0h)
  4064  001C82  0BF0               	iorwf	((c:3971)),c	;volatile
  4065  001C84  1283               	line	472
  4066                           	
  4067                           l2605:
  4068  001C86                     ;nxlcd.c: 472: LATEbits.LATE0 = 1;
  4069                           	bsf	((c:3981)),c,0	;volatile
  4070  001C86  808D               	line	473
  4071                           	
  4072                           l2607:
  4073  001C88                     ;nxlcd.c: 473: LATEbits.LATE2 = 0;
  4074                           	bcf	((c:3981)),c,2	;volatile
  4075  001C88  948D               	line	474
  4076                           	
  4077                           l2609:
  4078  001C8A                     ;nxlcd.c: 474: DelayFor18TCY();
  4079                           	call	_DelayFor18TCY	;wreg free
  4080  001C8A  ECB0  F00E         	line	475
  4081                           	
  4082                           l2611:
  4083  001C8E                     ;nxlcd.c: 475: LATEbits.LATE1 = 1;
  4084                           	bsf	((c:3981)),c,1	;volatile
  4085  001C8E  828D               	line	476
  4086                           	
  4087                           l2613:
  4088  001C90                     ;nxlcd.c: 476: DelayFor18TCY();
  4089                           	call	_DelayFor18TCY	;wreg free
  4090  001C90  ECB0  F00E         	line	477
  4091                           	
  4092                           l2615:
  4093  001C94                     ;nxlcd.c: 477: LATEbits.LATE1 = 0;
  4094                           	bcf	((c:3981)),c,1	;volatile
  4095  001C94  928D               	line	479
  4096                           ;nxlcd.c: 479: PORTD &= 0x0f;
  4097                           	movlw	(0Fh)&0ffh
  4098  001C96  0E0F               	andwf	((c:3971)),c	;volatile
  4099  001C98  1683               	line	480
  4100                           ;nxlcd.c: 480: PORTD |= ((data<<4)&0xf0);
  4101                           	swapf	((c:WriteDataXLCD@data)),c,w
  4102  001C9A  3819               	andlw	(0ffh shl 4) & 0ffh
  4103  001C9C  0BF0               	andlw	low(0F0h)
  4104  001C9E  0BF0               	iorwf	((c:3971)),c	;volatile
  4105  001CA0  1283               	line	485
  4106                           	
  4107                           l2617:
  4108  001CA2                     ;nxlcd.c: 485: DelayFor18TCY();
  4109                           	call	_DelayFor18TCY	;wreg free
  4110  001CA2  ECB0  F00E         	line	486
  4111                           	
  4112                           l2619:
  4113  001CA6                     ;nxlcd.c: 486: LATEbits.LATE1 = 1;
  4114                           	bsf	((c:3981)),c,1	;volatile
  4115  001CA6  828D               	line	487
  4116                           	
  4117                           l2621:
  4118  001CA8                     ;nxlcd.c: 487: DelayFor18TCY();
  4119                           	call	_DelayFor18TCY	;wreg free
  4120  001CA8  ECB0  F00E         	line	488
  4121                           	
  4122                           l2623:
  4123  001CAC                     ;nxlcd.c: 488: LATEbits.LATE1 = 0;
  4124                           	bcf	((c:3981)),c,1	;volatile
  4125  001CAC  928D               	line	490
  4126                           ;nxlcd.c: 490: TRISD |= 0xf0;
  4127                           	movlw	(0F0h)&0ffh
  4128  001CAE  0EF0               	iorwf	((c:3989)),c	;volatile
  4129  001CB0  1295               	goto	l72
  4130  001CB2  EF5B  F00E         	line	495
  4131                           	
  4132                           l2625:
  4133  001CB6                     	line	496
  4134                           ;nxlcd.c: 495: return;
  4135                           	
  4136                           l72:
  4137  001CB6                     	return	;funcret
  4138  001CB6  0012               	opt stack 0
  4139                           GLOBAL	__end_of_WriteDataXLCD
  4140                           	__end_of_WriteDataXLCD:
  4141  001CB8                     	signat	_WriteDataXLCD,4217
  4142                           	global	_ler_EEPROM
  4143                           
  4144 ;; *************** function _ler_EEPROM *****************
  4145 ;; Defined at:
  4146 ;;		line 62 in file "TaikoPic.c"
  4147 ;; Parameters:    Size  Location     Type
  4148 ;;  endereco        1    wreg     unsigned char 
  4149 ;; Auto vars:     Size  Location     Type
  4150 ;;  endereco        1   24[COMRAM] unsigned char 
  4151 ;; Return value:  Size  Location     Type
  4152 ;;                  1    wreg      unsigned char 
  4153 ;; Registers used:
  4154 ;;		wreg, status,2
  4155 ;; Tracked objects:
  4156 ;;		On entry : 0/0
  4157 ;;		On exit  : 0/0
  4158 ;;		Unchanged: 0/0
  4159 ;; Data sizes:     COMRAM   BANK0   BANK1   BANK2   BANK3   BANK4   BANK5   BANK6   BANK7
  4160 ;;      Params:         0       0       0       0       0       0       0       0       0
  4161 ;;      Locals:         1       0       0       0       0       0       0       0       0
  4162 ;;      Temps:          0       0       0       0       0       0       0       0       0
  4163 ;;      Totals:         1       0       0       0       0       0       0       0       0
  4164 ;;Total ram usage:        1 bytes
  4165 ;; Hardware stack levels used:    1
  4166 ;; Hardware stack levels required when called:    2
  4167 ;; This function calls:
  4168 ;;		Nothing
  4169 ;; This function is called by:
  4170 ;;		_main
  4171 ;; This function uses a non-reentrant model
  4172 ;;
  4173                           psect	text4,class=CODE,space=0,reloc=2,group=0
  4174                           	file	"TaikoPic.c"
  4175                           	line	62
  4176                           global __ptext4
  4177                           __ptext4:
  4178  001D2A                     psect	text4
  4179                           	file	"TaikoPic.c"
  4180                           	line	62
  4181                           	global	__size_of_ler_EEPROM
  4182                           	__size_of_ler_EEPROM	equ	__end_of_ler_EEPROM-_ler_EEPROM
  4183  0000                     	
  4184                           _ler_EEPROM:
  4185  001D2A                     ;incstack = 0
  4186                           	opt	stack 28
  4187                           ;ler_EEPROM@endereco stored from wreg
  4188                           	movwf	((c:ler_EEPROM@endereco)),c
  4189  001D2A  6E19               	line	63
  4190                           	
  4191                           l2715:
  4192  001D2C                     ;TaikoPic.c: 63: EEADR = endereco;
  4193                           	movff	(c:ler_EEPROM@endereco),(c:4009)	;volatile
  4194  001D2C  C019  FFA9         	line	64
  4195                           	
  4196                           l2717:
  4197  001D30                     ;TaikoPic.c: 64: EECON1bits.EEPGD = 0;
  4198                           	bcf	((c:4006)),c,7	;volsfr
  4199  001D30  9EA6               	line	65
  4200                           	
  4201                           l2719:
  4202  001D32                     ;TaikoPic.c: 65: EECON1bits.CFGS = 0;
  4203                           	bcf	((c:4006)),c,6	;volsfr
  4204  001D32  9CA6               	line	66
  4205                           	
  4206                           l2721:
  4207  001D34                     ;TaikoPic.c: 66: EECON1bits.RD = 1;
  4208                           	bsf	((c:4006)),c,0	;volsfr
  4209  001D34  80A6               	line	67
  4210                           	
  4211                           l2723:
  4212  001D36                     ;TaikoPic.c: 67: return EEDATA;
  4213                           	movf	((c:4008)),c,w	;volatile
  4214  001D36  50A8               	goto	l193
  4215  001D38  EF9E  F00E         	
  4216                           l2725:
  4217  001D3C                     	line	68
  4218                           	
  4219                           l193:
  4220  001D3C                     	return	;funcret
  4221  001D3C  0012               	opt stack 0
  4222                           GLOBAL	__end_of_ler_EEPROM
  4223                           	__end_of_ler_EEPROM:
  4224  001D3E                     	signat	_ler_EEPROM,4217
  4225                           	global	_ler_ADC
  4226                           
  4227 ;; *************** function _ler_ADC *****************
  4228 ;; Defined at:
  4229 ;;		line 89 in file "TaikoPic.c"
  4230 ;; Parameters:    Size  Location     Type
  4231 ;;		None
  4232 ;; Auto vars:     Size  Location     Type
  4233 ;;		None
  4234 ;; Return value:  Size  Location     Type
  4235 ;;                  2   24[COMRAM] unsigned int 
  4236 ;; Registers used:
  4237 ;;		wreg, status,2, status,0
  4238 ;; Tracked objects:
  4239 ;;		On entry : 0/0
  4240 ;;		On exit  : 0/0
  4241 ;;		Unchanged: 0/0
  4242 ;; Data sizes:     COMRAM   BANK0   BANK1   BANK2   BANK3   BANK4   BANK5   BANK6   BANK7
  4243 ;;      Params:         2       0       0       0       0       0       0       0       0
  4244 ;;      Locals:         0       0       0       0       0       0       0       0       0
  4245 ;;      Temps:          2       0       0       0       0       0       0       0       0
  4246 ;;      Totals:         4       0       0       0       0       0       0       0       0
  4247 ;;Total ram usage:        4 bytes
  4248 ;; Hardware stack levels used:    1
  4249 ;; Hardware stack levels required when called:    2
  4250 ;; This function calls:
  4251 ;;		Nothing
  4252 ;; This function is called by:
  4253 ;;		_main
  4254 ;; This function uses a non-reentrant model
  4255 ;;
  4256                           psect	text5,class=CODE,space=0,reloc=2,group=0
  4257                           	line	89
  4258                           global __ptext5
  4259                           __ptext5:
  4260  001CFA                     psect	text5
  4261                           	file	"TaikoPic.c"
  4262                           	line	89
  4263                           	global	__size_of_ler_ADC
  4264                           	__size_of_ler_ADC	equ	__end_of_ler_ADC-_ler_ADC
  4265  0000                     	
  4266                           _ler_ADC:
  4267  001CFA                     ;incstack = 0
  4268                           	opt	stack 28
  4269                           	line	90
  4270                           	
  4271                           l2749:
  4272  001CFA                     ;TaikoPic.c: 90: ADCON0bits.GO = 1;
  4273                           	bsf	((c:4034)),c,1	;volatile
  4274  001CFA  82C2               	line	91
  4275                           ;TaikoPic.c: 91: while(ADCON0bits.GO);
  4276                           	goto	l203
  4277  001CFC  EF80  F00E         	
  4278                           l204:
  4279  001D00                     	
  4280                           l203:
  4281  001D00                     	btfsc	((c:4034)),c,1	;volatile
  4282  001D00  B2C2               	goto	u1701
  4283  001D02  EF85  F00E         	goto	u1700
  4284  001D06  EF87  F00E         u1701:
  4285  001D0A                     	goto	l203
  4286  001D0A  EF80  F00E         u1700:
  4287  001D0E                     	goto	l2751
  4288  001D0E  EF89  F00E         	
  4289                           l205:
  4290  001D12                     	line	92
  4291                           	
  4292                           l2751:
  4293  001D12                     ;TaikoPic.c: 92: return ((ADRESH << 8) + ADRESL);
  4294                           	movf	((c:4036)),c,w	;volatile
  4295  001D12  50C4               	movwf	(??_ler_ADC+0+0+1)&0ffh,c
  4296  001D14  6E1C               	clrf	(??_ler_ADC+0+0)&0ffh,c
  4297  001D16  6A1B               	movf	((c:4035)),c,w	;volatile
  4298  001D18  50C3               	addwf	(??_ler_ADC+0+0),c,w
  4299  001D1A  241B               	movwf	((c:?_ler_ADC)),c
  4300  001D1C  6E19               	movlw	0
  4301  001D1E  0E00               	addwfc	(??_ler_ADC+0+1),c,w
  4302  001D20  201C               	movwf	1+((c:?_ler_ADC)),c
  4303  001D22  6E1A               	goto	l206
  4304  001D24  EF94  F00E         	
  4305                           l2753:
  4306  001D28                     	line	93
  4307                           	
  4308                           l206:
  4309  001D28                     	return	;funcret
  4310  001D28  0012               	opt stack 0
  4311                           GLOBAL	__end_of_ler_ADC
  4312                           	__end_of_ler_ADC:
  4313  001D2A                     	signat	_ler_ADC,90
  4314                           	global	_escrever_EEPROM
  4315                           
  4316 ;; *************** function _escrever_EEPROM *****************
  4317 ;; Defined at:
  4318 ;;		line 46 in file "TaikoPic.c"
  4319 ;; Parameters:    Size  Location     Type
  4320 ;;  endereco        1    wreg     unsigned char 
  4321 ;;  dado            1   24[COMRAM] unsigned char 
  4322 ;; Auto vars:     Size  Location     Type
  4323 ;;  endereco        1   25[COMRAM] unsigned char 
  4324 ;;  status_gie      1   26[COMRAM] unsigned char 
  4325 ;; Return value:  Size  Location     Type
  4326 ;;                  1    wreg      void 
  4327 ;; Registers used:
  4328 ;;		wreg, status,2
  4329 ;; Tracked objects:
  4330 ;;		On entry : 0/0
  4331 ;;		On exit  : 0/0
  4332 ;;		Unchanged: 0/0
  4333 ;; Data sizes:     COMRAM   BANK0   BANK1   BANK2   BANK3   BANK4   BANK5   BANK6   BANK7
  4334 ;;      Params:         1       0       0       0       0       0       0       0       0
  4335 ;;      Locals:         2       0       0       0       0       0       0       0       0
  4336 ;;      Temps:          0       0       0       0       0       0       0       0       0
  4337 ;;      Totals:         3       0       0       0       0       0       0       0       0
  4338 ;;Total ram usage:        3 bytes
  4339 ;; Hardware stack levels used:    1
  4340 ;; Hardware stack levels required when called:    2
  4341 ;; This function calls:
  4342 ;;		Nothing
  4343 ;; This function is called by:
  4344 ;;		_main
  4345 ;; This function uses a non-reentrant model
  4346 ;;
  4347                           psect	text6,class=CODE,space=0,reloc=2,group=0
  4348                           	line	46
  4349                           global __ptext6
  4350                           __ptext6:
  4351  001BEE                     psect	text6
  4352                           	file	"TaikoPic.c"
  4353                           	line	46
  4354                           	global	__size_of_escrever_EEPROM
  4355                           	__size_of_escrever_EEPROM	equ	__end_of_escrever_EEPROM-_escrever_EEPROM
  4356  0000                     	
  4357                           _escrever_EEPROM:
  4358  001BEE                     ;incstack = 0
  4359                           	opt	stack 28
  4360                           ;escrever_EEPROM@endereco stored from wreg
  4361                           	movwf	((c:escrever_EEPROM@endereco)),c
  4362  001BEE  6E1A               	line	47
  4363                           	
  4364                           l2695:
  4365  001BF0                     ;TaikoPic.c: 47: EEADR = endereco;
  4366                           	movff	(c:escrever_EEPROM@endereco),(c:4009)	;volatile
  4367  001BF0  C01A  FFA9         	line	48
  4368                           	
  4369                           l2697:
  4370  001BF4                     ;TaikoPic.c: 48: EEDATA = dado;
  4371                           	movff	(c:escrever_EEPROM@dado),(c:4008)	;volatile
  4372  001BF4  C019  FFA8         	line	49
  4373                           	
  4374                           l2699:
  4375  001BF8                     ;TaikoPic.c: 49: EECON1bits.EEPGD = 0;
  4376                           	bcf	((c:4006)),c,7	;volsfr
  4377  001BF8  9EA6               	line	50
  4378                           	
  4379                           l2701:
  4380  001BFA                     ;TaikoPic.c: 50: EECON1bits.CFGS = 0;
  4381                           	bcf	((c:4006)),c,6	;volsfr
  4382  001BFA  9CA6               	line	51
  4383                           	
  4384                           l2703:
  4385  001BFC                     ;TaikoPic.c: 51: EECON1bits.WREN = 1;
  4386                           	bsf	((c:4006)),c,2	;volsfr
  4387  001BFC  84A6               	line	52
  4388                           	
  4389                           l2705:
  4390  001BFE                     ;TaikoPic.c: 52: char status_gie = INTCONbits.GIE;
  4391                           	movlw	0
  4392  001BFE  0E00               	btfsc	((c:4082)),c,7	;volatile
  4393  001C00  BEF2               	movlw	1
  4394  001C02  0E01               	movwf	((c:escrever_EEPROM@status_gie)),c
  4395  001C04  6E1B               	line	53
  4396                           	
  4397                           l2707:
  4398  001C06                     ;TaikoPic.c: 53: INTCONbits.GIE = 0;
  4399                           	bcf	((c:4082)),c,7	;volatile
  4400  001C06  9EF2               	line	54
  4401                           	
  4402                           l2709:
  4403  001C08                     ;TaikoPic.c: 54: EECON2 = 0x55;
  4404                           	movlw	low(055h)
  4405  001C08  0E55               	movwf	((c:4007)),c	;volsfr
  4406  001C0A  6EA7               	line	55
  4407                           	
  4408                           l2711:
  4409  001C0C                     ;TaikoPic.c: 55: EECON2 = 0xAA;
  4410                           	movlw	low(0AAh)
  4411  001C0C  0EAA               	movwf	((c:4007)),c	;volsfr
  4412  001C0E  6EA7               	line	56
  4413                           	
  4414                           l2713:
  4415  001C10                     ;TaikoPic.c: 56: EECON1bits.WR = 1;
  4416                           	bsf	((c:4006)),c,1	;volsfr
  4417  001C10  82A6               	line	57
  4418                           ;TaikoPic.c: 57: while(EECON1bits.WR);
  4419                           	goto	l187
  4420  001C12  EF0B  F00E         	
  4421                           l188:
  4422  001C16                     	
  4423                           l187:
  4424  001C16                     	btfsc	((c:4006)),c,1	;volsfr
  4425  001C16  B2A6               	goto	u1651
  4426  001C18  EF10  F00E         	goto	u1650
  4427  001C1C  EF12  F00E         u1651:
  4428  001C20                     	goto	l187
  4429  001C20  EF0B  F00E         u1650:
  4430  001C24                     	
  4431                           l189:
  4432  001C24                     	line	58
  4433                           ;TaikoPic.c: 58: INTCONbits.GIE = status_gie;
  4434                           	btfsc	(c:escrever_EEPROM@status_gie),c,0
  4435  001C24  B01B               	bra	u1665
  4436  001C26  D002               	bcf	((c:4082)),c,7	;volatile
  4437  001C28  9EF2               	bra	u1666
  4438  001C2A  D001               	u1665:
  4439  001C2C                     	bsf	((c:4082)),c,7	;volatile
  4440  001C2C  8EF2               	u1666:
  4441  001C2E                     
  4442                           	line	59
  4443                           ;TaikoPic.c: 59: EECON1bits.WREN = 0;
  4444                           	bcf	((c:4006)),c,2	;volsfr
  4445  001C2E  94A6               	line	60
  4446                           	
  4447                           l190:
  4448  001C30                     	return	;funcret
  4449  001C30  0012               	opt stack 0
  4450                           GLOBAL	__end_of_escrever_EEPROM
  4451                           	__end_of_escrever_EEPROM:
  4452  001C32                     	signat	_escrever_EEPROM,8313
  4453                           	global	___lwmod
  4454                           
  4455 ;; *************** function ___lwmod *****************
  4456 ;; Defined at:
  4457 ;;		line 8 in file "C:\Program Files (x86)\Microchip\xc8\v1.45\sources\common\lwmod.c"
  4458 ;; Parameters:    Size  Location     Type
  4459 ;;  dividend        2   31[COMRAM] unsigned int 
  4460 ;;  divisor         2   33[COMRAM] unsigned int 
  4461 ;; Auto vars:     Size  Location     Type
  4462 ;;  counter         1   35[COMRAM] unsigned char 
  4463 ;; Return value:  Size  Location     Type
  4464 ;;                  2   31[COMRAM] unsigned int 
  4465 ;; Registers used:
  4466 ;;		wreg, status,2, status,0
  4467 ;; Tracked objects:
  4468 ;;		On entry : 0/0
  4469 ;;		On exit  : 0/0
  4470 ;;		Unchanged: 0/0
  4471 ;; Data sizes:     COMRAM   BANK0   BANK1   BANK2   BANK3   BANK4   BANK5   BANK6   BANK7
  4472 ;;      Params:         4       0       0       0       0       0       0       0       0
  4473 ;;      Locals:         1       0       0       0       0       0       0       0       0
  4474 ;;      Temps:          0       0       0       0       0       0       0       0       0
  4475 ;;      Totals:         5       0       0       0       0       0       0       0       0
  4476 ;;Total ram usage:        5 bytes
  4477 ;; Hardware stack levels used:    1
  4478 ;; Hardware stack levels required when called:    2
  4479 ;; This function calls:
  4480 ;;		Nothing
  4481 ;; This function is called by:
  4482 ;;		_main
  4483 ;; This function uses a non-reentrant model
  4484 ;;
  4485                           psect	text7,class=CODE,space=0,reloc=2,group=1
  4486                           	file	"C:\Program Files (x86)\Microchip\xc8\v1.45\sources\common\lwmod.c"
  4487                           	line	8
  4488                           global __ptext7
  4489                           __ptext7:
  4490  0019F0                     psect	text7
  4491                           	file	"C:\Program Files (x86)\Microchip\xc8\v1.45\sources\common\lwmod.c"
  4492                           	line	8
  4493                           	global	__size_of___lwmod
  4494                           	__size_of___lwmod	equ	__end_of___lwmod-___lwmod
  4495  0000                     	
  4496                           ___lwmod:
  4497  0019F0                     ;incstack = 0
  4498                           	opt	stack 28
  4499                           	line	13
  4500                           	
  4501                           l2889:
  4502  0019F0                     	movf	((c:___lwmod@divisor)),c,w
  4503  0019F0  5022               iorwf	((c:___lwmod@divisor+1)),c,w
  4504  0019F2  1023               	btfsc	status,2
  4505  0019F4  B4D8               	goto	u1911
  4506  0019F6  EFFF  F00C         	goto	u1910
  4507  0019FA  EF01  F00D         
  4508                           u1911:
  4509  0019FE                     	goto	l684
  4510  0019FE  EF2F  F00D         u1910:
  4511  001A02                     	line	14
  4512                           	
  4513                           l2891:
  4514  001A02                     	movlw	low(01h)
  4515  001A02  0E01               	movwf	((c:___lwmod@counter)),c
  4516  001A04  6E24               	line	15
  4517                           	goto	l2895
  4518  001A06  EF0B  F00D         	
  4519                           l686:
  4520  001A0A                     	line	16
  4521                           	
  4522                           l2893:
  4523  001A0A                     	bcf	status,0
  4524  001A0A  90D8               	rlcf	((c:___lwmod@divisor)),c
  4525  001A0C  3622               	rlcf	((c:___lwmod@divisor+1)),c
  4526  001A0E  3623               	line	17
  4527                           	incf	((c:___lwmod@counter)),c
  4528  001A10  2A24               	goto	l2895
  4529  001A12  EF0B  F00D         	line	18
  4530                           	
  4531                           l685:
  4532  001A16                     	line	15
  4533                           	
  4534                           l2895:
  4535  001A16                     	
  4536                           	btfss	((c:___lwmod@divisor+1)),c,(15)&7
  4537  001A16  AE23               	goto	u1921
  4538  001A18  EF10  F00D         	goto	u1920
  4539  001A1C  EF12  F00D         u1921:
  4540  001A20                     	goto	l2893
  4541  001A20  EF05  F00D         u1920:
  4542  001A24                     	goto	l2897
  4543  001A24  EF16  F00D         	
  4544                           l687:
  4545  001A28                     	goto	l2897
  4546  001A28  EF16  F00D         	line	19
  4547                           	
  4548                           l688:
  4549  001A2C                     	line	20
  4550                           	
  4551                           l2897:
  4552  001A2C                     		movf	((c:___lwmod@divisor)),c,w
  4553  001A2C  5022               	subwf	((c:___lwmod@dividend)),c,w
  4554  001A2E  5C20               	movf	((c:___lwmod@divisor+1)),c,w
  4555  001A30  5023               	subwfb	((c:___lwmod@dividend+1)),c,w
  4556  001A32  5821               	btfss	status,0
  4557  001A34  A0D8               	goto	u1931
  4558  001A36  EF1F  F00D         	goto	u1930
  4559  001A3A  EF21  F00D         
  4560                           u1931:
  4561  001A3E                     	goto	l2901
  4562  001A3E  EF27  F00D         u1930:
  4563  001A42                     	line	21
  4564                           	
  4565                           l2899:
  4566  001A42                     	movf	((c:___lwmod@divisor)),c,w
  4567  001A42  5022               	subwf	((c:___lwmod@dividend)),c
  4568  001A44  5E20               	movf	((c:___lwmod@divisor+1)),c,w
  4569  001A46  5023               	subwfb	((c:___lwmod@dividend+1)),c
  4570  001A48  5A21               
  4571                           	goto	l2901
  4572  001A4A  EF27  F00D         	
  4573                           l689:
  4574  001A4E                     	line	22
  4575                           	
  4576                           l2901:
  4577  001A4E                     	bcf	status,0
  4578  001A4E  90D8               	rrcf	((c:___lwmod@divisor+1)),c
  4579  001A50  3223               	rrcf	((c:___lwmod@divisor)),c
  4580  001A52  3222               	line	23
  4581                           	
  4582                           l2903:
  4583  001A54                     	decfsz	((c:___lwmod@counter)),c
  4584  001A54  2E24               	
  4585                           	goto	l2897
  4586  001A56  EF16  F00D         	goto	l684
  4587  001A5A  EF2F  F00D         	
  4588                           l690:
  4589  001A5E                     	line	24
  4590                           	
  4591                           l684:
  4592  001A5E                     	line	25
  4593                           	movff	(c:___lwmod@dividend),(c:?___lwmod)
  4594  001A5E  C020  F020         	movff	(c:___lwmod@dividend+1),(c:?___lwmod+1)
  4595  001A62  C021  F021         	line	26
  4596                           	
  4597                           l691:
  4598  001A66                     	return	;funcret
  4599  001A66  0012               	opt stack 0
  4600                           GLOBAL	__end_of___lwmod
  4601                           	__end_of___lwmod:
  4602  001A68                     	signat	___lwmod,8314
  4603                           	global	___lwdiv
  4604                           
  4605 ;; *************** function ___lwdiv *****************
  4606 ;; Defined at:
  4607 ;;		line 8 in file "C:\Program Files (x86)\Microchip\xc8\v1.45\sources\common\lwdiv.c"
  4608 ;; Parameters:    Size  Location     Type
  4609 ;;  dividend        2   24[COMRAM] unsigned int 
  4610 ;;  divisor         2   26[COMRAM] unsigned int 
  4611 ;; Auto vars:     Size  Location     Type
  4612 ;;  quotient        2   29[COMRAM] unsigned int 
  4613 ;;  counter         1   28[COMRAM] unsigned char 
  4614 ;; Return value:  Size  Location     Type
  4615 ;;                  2   24[COMRAM] unsigned int 
  4616 ;; Registers used:
  4617 ;;		wreg, status,2, status,0
  4618 ;; Tracked objects:
  4619 ;;		On entry : 0/0
  4620 ;;		On exit  : 0/0
  4621 ;;		Unchanged: 0/0
  4622 ;; Data sizes:     COMRAM   BANK0   BANK1   BANK2   BANK3   BANK4   BANK5   BANK6   BANK7
  4623 ;;      Params:         4       0       0       0       0       0       0       0       0
  4624 ;;      Locals:         3       0       0       0       0       0       0       0       0
  4625 ;;      Temps:          0       0       0       0       0       0       0       0       0
  4626 ;;      Totals:         7       0       0       0       0       0       0       0       0
  4627 ;;Total ram usage:        7 bytes
  4628 ;; Hardware stack levels used:    1
  4629 ;; Hardware stack levels required when called:    2
  4630 ;; This function calls:
  4631 ;;		Nothing
  4632 ;; This function is called by:
  4633 ;;		_main
  4634 ;; This function uses a non-reentrant model
  4635 ;;
  4636                           psect	text8,class=CODE,space=0,reloc=2,group=1
  4637                           	file	"C:\Program Files (x86)\Microchip\xc8\v1.45\sources\common\lwdiv.c"
  4638                           	line	8
  4639                           global __ptext8
  4640                           __ptext8:
  4641  001968                     psect	text8
  4642                           	file	"C:\Program Files (x86)\Microchip\xc8\v1.45\sources\common\lwdiv.c"
  4643                           	line	8
  4644                           	global	__size_of___lwdiv
  4645                           	__size_of___lwdiv	equ	__end_of___lwdiv-___lwdiv
  4646  0000                     	
  4647                           ___lwdiv:
  4648  001968                     ;incstack = 0
  4649                           	opt	stack 28
  4650                           	line	14
  4651                           	
  4652                           l2867:
  4653  001968                     	movlw	high(0)
  4654  001968  0E00               	movwf	((c:___lwdiv@quotient+1)),c
  4655  00196A  6E1F               	movlw	low(0)
  4656  00196C  0E00               	movwf	((c:___lwdiv@quotient)),c
  4657  00196E  6E1E               	line	15
  4658                           	
  4659                           l2869:
  4660  001970                     	movf	((c:___lwdiv@divisor)),c,w
  4661  001970  501B               iorwf	((c:___lwdiv@divisor+1)),c,w
  4662  001972  101C               	btfsc	status,2
  4663  001974  B4D8               	goto	u1881
  4664  001976  EFBF  F00C         	goto	u1880
  4665  00197A  EFC1  F00C         
  4666                           u1881:
  4667  00197E                     	goto	l674
  4668  00197E  EFF3  F00C         u1880:
  4669  001982                     	line	16
  4670                           	
  4671                           l2871:
  4672  001982                     	movlw	low(01h)
  4673  001982  0E01               	movwf	((c:___lwdiv@counter)),c
  4674  001984  6E1D               	line	17
  4675                           	goto	l2875
  4676  001986  EFCB  F00C         	
  4677                           l676:
  4678  00198A                     	line	18
  4679                           	
  4680                           l2873:
  4681  00198A                     	bcf	status,0
  4682  00198A  90D8               	rlcf	((c:___lwdiv@divisor)),c
  4683  00198C  361B               	rlcf	((c:___lwdiv@divisor+1)),c
  4684  00198E  361C               	line	19
  4685                           	incf	((c:___lwdiv@counter)),c
  4686  001990  2A1D               	goto	l2875
  4687  001992  EFCB  F00C         	line	20
  4688                           	
  4689                           l675:
  4690  001996                     	line	17
  4691                           	
  4692                           l2875:
  4693  001996                     	
  4694                           	btfss	((c:___lwdiv@divisor+1)),c,(15)&7
  4695  001996  AE1C               	goto	u1891
  4696  001998  EFD0  F00C         	goto	u1890
  4697  00199C  EFD2  F00C         u1891:
  4698  0019A0                     	goto	l2873
  4699  0019A0  EFC5  F00C         u1890:
  4700  0019A4                     	goto	l2877
  4701  0019A4  EFD6  F00C         	
  4702                           l677:
  4703  0019A8                     	goto	l2877
  4704  0019A8  EFD6  F00C         	line	21
  4705                           	
  4706                           l678:
  4707  0019AC                     	line	22
  4708                           	
  4709                           l2877:
  4710  0019AC                     	bcf	status,0
  4711  0019AC  90D8               	rlcf	((c:___lwdiv@quotient)),c
  4712  0019AE  361E               	rlcf	((c:___lwdiv@quotient+1)),c
  4713  0019B0  361F               	line	23
  4714                           	
  4715                           l2879:
  4716  0019B2                     		movf	((c:___lwdiv@divisor)),c,w
  4717  0019B2  501B               	subwf	((c:___lwdiv@dividend)),c,w
  4718  0019B4  5C19               	movf	((c:___lwdiv@divisor+1)),c,w
  4719  0019B6  501C               	subwfb	((c:___lwdiv@dividend+1)),c,w
  4720  0019B8  581A               	btfss	status,0
  4721  0019BA  A0D8               	goto	u1901
  4722  0019BC  EFE2  F00C         	goto	u1900
  4723  0019C0  EFE4  F00C         
  4724                           u1901:
  4725  0019C4                     	goto	l2885
  4726  0019C4  EFEB  F00C         u1900:
  4727  0019C8                     	line	24
  4728                           	
  4729                           l2881:
  4730  0019C8                     	movf	((c:___lwdiv@divisor)),c,w
  4731  0019C8  501B               	subwf	((c:___lwdiv@dividend)),c
  4732  0019CA  5E19               	movf	((c:___lwdiv@divisor+1)),c,w
  4733  0019CC  501C               	subwfb	((c:___lwdiv@dividend+1)),c
  4734  0019CE  5A1A               
  4735                           	line	25
  4736                           	
  4737                           l2883:
  4738  0019D0                     	bsf	(0+(0/8)+(c:___lwdiv@quotient)),c,(0)&7
  4739  0019D0  801E               	goto	l2885
  4740  0019D2  EFEB  F00C         	line	26
  4741                           	
  4742                           l679:
  4743  0019D6                     	line	27
  4744                           	
  4745                           l2885:
  4746  0019D6                     	bcf	status,0
  4747  0019D6  90D8               	rrcf	((c:___lwdiv@divisor+1)),c
  4748  0019D8  321C               	rrcf	((c:___lwdiv@divisor)),c
  4749  0019DA  321B               	line	28
  4750                           	
  4751                           l2887:
  4752  0019DC                     	decfsz	((c:___lwdiv@counter)),c
  4753  0019DC  2E1D               	
  4754                           	goto	l2877
  4755  0019DE  EFD6  F00C         	goto	l674
  4756  0019E2  EFF3  F00C         	
  4757                           l680:
  4758  0019E6                     	line	29
  4759                           	
  4760                           l674:
  4761  0019E6                     	line	30
  4762                           	movff	(c:___lwdiv@quotient),(c:?___lwdiv)
  4763  0019E6  C01E  F019         	movff	(c:___lwdiv@quotient+1),(c:?___lwdiv+1)
  4764  0019EA  C01F  F01A         	line	31
  4765                           	
  4766                           l681:
  4767  0019EE                     	return	;funcret
  4768  0019EE  0012               	opt stack 0
  4769                           GLOBAL	__end_of___lwdiv
  4770                           	__end_of___lwdiv:
  4771  0019F0                     	signat	___lwdiv,8314
  4772                           	global	___lmul
  4773                           
  4774 ;; *************** function ___lmul *****************
  4775 ;; Defined at:
  4776 ;;		line 15 in file "C:\Program Files (x86)\Microchip\xc8\v1.45\sources\common\Umul32.c"
  4777 ;; Parameters:    Size  Location     Type
  4778 ;;  multiplier      4   24[COMRAM] unsigned long 
  4779 ;;  multiplicand    4   28[COMRAM] unsigned long 
  4780 ;; Auto vars:     Size  Location     Type
  4781 ;;  product         4   32[COMRAM] unsigned long 
  4782 ;; Return value:  Size  Location     Type
  4783 ;;                  4   24[COMRAM] unsigned long 
  4784 ;; Registers used:
  4785 ;;		wreg, status,2, status,0
  4786 ;; Tracked objects:
  4787 ;;		On entry : 0/0
  4788 ;;		On exit  : 0/0
  4789 ;;		Unchanged: 0/0
  4790 ;; Data sizes:     COMRAM   BANK0   BANK1   BANK2   BANK3   BANK4   BANK5   BANK6   BANK7
  4791 ;;      Params:         8       0       0       0       0       0       0       0       0
  4792 ;;      Locals:         4       0       0       0       0       0       0       0       0
  4793 ;;      Temps:          0       0       0       0       0       0       0       0       0
  4794 ;;      Totals:        12       0       0       0       0       0       0       0       0
  4795 ;;Total ram usage:       12 bytes
  4796 ;; Hardware stack levels used:    1
  4797 ;; Hardware stack levels required when called:    2
  4798 ;; This function calls:
  4799 ;;		Nothing
  4800 ;; This function is called by:
  4801 ;;		_main
  4802 ;; This function uses a non-reentrant model
  4803 ;;
  4804                           psect	text9,class=CODE,space=0,reloc=2,group=1
  4805                           	file	"C:\Program Files (x86)\Microchip\xc8\v1.45\sources\common\Umul32.c"
  4806                           	line	15
  4807                           global __ptext9
  4808                           __ptext9:
  4809  001A68                     psect	text9
  4810                           	file	"C:\Program Files (x86)\Microchip\xc8\v1.45\sources\common\Umul32.c"
  4811                           	line	15
  4812                           	global	__size_of___lmul
  4813                           	__size_of___lmul	equ	__end_of___lmul-___lmul
  4814  0000                     	
  4815                           ___lmul:
  4816  001A68                     ;incstack = 0
  4817                           	opt	stack 28
  4818                           	line	119
  4819                           	
  4820                           l2755:
  4821  001A68                     	movlw	low(0)
  4822  001A68  0E00               	movwf	((c:___lmul@product)),c
  4823  001A6A  6E21               	movlw	high(0)
  4824  001A6C  0E00               	movwf	((c:___lmul@product+1)),c
  4825  001A6E  6E22               	movlw	low highword(0)
  4826  001A70  0E00               	movwf	((c:___lmul@product+2)),c
  4827  001A72  6E23               	movlw	high highword(0)
  4828  001A74  0E00               	movwf	((c:___lmul@product+3)),c
  4829  001A76  6E24               	goto	l2757
  4830  001A78  EF3E  F00D         	line	120
  4831                           	
  4832                           l283:
  4833  001A7C                     	line	121
  4834                           	
  4835                           l2757:
  4836  001A7C                     	
  4837                           	btfss	((c:___lmul@multiplier)),c,(0)&7
  4838  001A7C  A019               	goto	u1711
  4839  001A7E  EF43  F00D         	goto	u1710
  4840  001A82  EF45  F00D         u1711:
  4841  001A86                     	goto	l2761
  4842  001A86  EF4F  F00D         u1710:
  4843  001A8A                     	line	122
  4844                           	
  4845                           l2759:
  4846  001A8A                     	movf	((c:___lmul@multiplicand)),c,w
  4847  001A8A  501D               	addwf	((c:___lmul@product)),c
  4848  001A8C  2621               	movf	((c:___lmul@multiplicand+1)),c,w
  4849  001A8E  501E               	addwfc	((c:___lmul@product+1)),c
  4850  001A90  2222               	movf	((c:___lmul@multiplicand+2)),c,w
  4851  001A92  501F               	addwfc	((c:___lmul@product+2)),c
  4852  001A94  2223               	movf	((c:___lmul@multiplicand+3)),c,w
  4853  001A96  5020               	addwfc	((c:___lmul@product+3)),c
  4854  001A98  2224               	goto	l2761
  4855  001A9A  EF4F  F00D         	
  4856                           l284:
  4857  001A9E                     	line	123
  4858                           	
  4859                           l2761:
  4860  001A9E                     	bcf	status,0
  4861  001A9E  90D8               	rlcf	((c:___lmul@multiplicand)),c
  4862  001AA0  361D               	rlcf	((c:___lmul@multiplicand+1)),c
  4863  001AA2  361E               	rlcf	((c:___lmul@multiplicand+2)),c
  4864  001AA4  361F               	rlcf	((c:___lmul@multiplicand+3)),c
  4865  001AA6  3620               	line	124
  4866                           	
  4867                           l2763:
  4868  001AA8                     	bcf	status,0
  4869  001AA8  90D8               	rrcf	((c:___lmul@multiplier+3)),c
  4870  001AAA  321C               	rrcf	((c:___lmul@multiplier+2)),c
  4871  001AAC  321B               	rrcf	((c:___lmul@multiplier+1)),c
  4872  001AAE  321A               	rrcf	((c:___lmul@multiplier)),c
  4873  001AB0  3219               	line	125
  4874                           	movf	((c:___lmul@multiplier)),c,w
  4875  001AB2  5019               iorwf	((c:___lmul@multiplier+1)),c,w
  4876  001AB4  101A               iorwf	((c:___lmul@multiplier+2)),c,w
  4877  001AB6  101B               iorwf	((c:___lmul@multiplier+3)),c,w
  4878  001AB8  101C               	btfss	status,2
  4879  001ABA  A4D8               	goto	u1721
  4880  001ABC  EF62  F00D         	goto	u1720
  4881  001AC0  EF64  F00D         
  4882                           u1721:
  4883  001AC4                     	goto	l2757
  4884  001AC4  EF3E  F00D         u1720:
  4885  001AC8                     	
  4886                           l285:
  4887  001AC8                     	line	128
  4888                           	movff	(c:___lmul@product),(c:?___lmul)
  4889  001AC8  C021  F019         	movff	(c:___lmul@product+1),(c:?___lmul+1)
  4890  001ACC  C022  F01A         	movff	(c:___lmul@product+2),(c:?___lmul+2)
  4891  001AD0  C023  F01B         	movff	(c:___lmul@product+3),(c:?___lmul+3)
  4892  001AD4  C024  F01C         	line	129
  4893                           	
  4894                           l286:
  4895  001AD8                     	return	;funcret
  4896  001AD8  0012               	opt stack 0
  4897                           GLOBAL	__end_of___lmul
  4898                           	__end_of___lmul:
  4899  001ADA                     	signat	___lmul,8316
  4900                           	global	___lldiv
  4901                           
  4902 ;; *************** function ___lldiv *****************
  4903 ;; Defined at:
  4904 ;;		line 8 in file "C:\Program Files (x86)\Microchip\xc8\v1.45\sources\common\lldiv.c"
  4905 ;; Parameters:    Size  Location     Type
  4906 ;;  dividend        4   36[COMRAM] unsigned long 
  4907 ;;  divisor         4   40[COMRAM] unsigned long 
  4908 ;; Auto vars:     Size  Location     Type
  4909 ;;  quotient        4   44[COMRAM] unsigned long 
  4910 ;;  counter         1   48[COMRAM] unsigned char 
  4911 ;; Return value:  Size  Location     Type
  4912 ;;                  4   36[COMRAM] unsigned long 
  4913 ;; Registers used:
  4914 ;;		wreg, status,2, status,0
  4915 ;; Tracked objects:
  4916 ;;		On entry : 0/0
  4917 ;;		On exit  : 0/0
  4918 ;;		Unchanged: 0/0
  4919 ;; Data sizes:     COMRAM   BANK0   BANK1   BANK2   BANK3   BANK4   BANK5   BANK6   BANK7
  4920 ;;      Params:         8       0       0       0       0       0       0       0       0
  4921 ;;      Locals:         5       0       0       0       0       0       0       0       0
  4922 ;;      Temps:          0       0       0       0       0       0       0       0       0
  4923 ;;      Totals:        13       0       0       0       0       0       0       0       0
  4924 ;;Total ram usage:       13 bytes
  4925 ;; Hardware stack levels used:    1
  4926 ;; Hardware stack levels required when called:    2
  4927 ;; This function calls:
  4928 ;;		Nothing
  4929 ;; This function is called by:
  4930 ;;		_main
  4931 ;; This function uses a non-reentrant model
  4932 ;;
  4933                           psect	text10,class=CODE,space=0,reloc=2,group=1
  4934                           	file	"C:\Program Files (x86)\Microchip\xc8\v1.45\sources\common\lldiv.c"
  4935                           	line	8
  4936                           global __ptext10
  4937                           __ptext10:
  4938  00170A                     psect	text10
  4939                           	file	"C:\Program Files (x86)\Microchip\xc8\v1.45\sources\common\lldiv.c"
  4940                           	line	8
  4941                           	global	__size_of___lldiv
  4942                           	__size_of___lldiv	equ	__end_of___lldiv-___lldiv
  4943  0000                     	
  4944                           ___lldiv:
  4945  00170A                     ;incstack = 0
  4946                           	opt	stack 28
  4947                           	line	14
  4948                           	
  4949                           l2845:
  4950  00170A                     	movlw	low(0)
  4951  00170A  0E00               	movwf	((c:___lldiv@quotient)),c
  4952  00170C  6E2D               	movlw	high(0)
  4953  00170E  0E00               	movwf	((c:___lldiv@quotient+1)),c
  4954  001710  6E2E               	movlw	low highword(0)
  4955  001712  0E00               	movwf	((c:___lldiv@quotient+2)),c
  4956  001714  6E2F               	movlw	high highword(0)
  4957  001716  0E00               	movwf	((c:___lldiv@quotient+3)),c
  4958  001718  6E30               	line	15
  4959                           	
  4960                           l2847:
  4961  00171A                     	movf	((c:___lldiv@divisor)),c,w
  4962  00171A  5029               iorwf	((c:___lldiv@divisor+1)),c,w
  4963  00171C  102A               iorwf	((c:___lldiv@divisor+2)),c,w
  4964  00171E  102B               iorwf	((c:___lldiv@divisor+3)),c,w
  4965  001720  102C               	btfsc	status,2
  4966  001722  B4D8               	goto	u1851
  4967  001724  EF96  F00B         	goto	u1850
  4968  001728  EF98  F00B         
  4969                           u1851:
  4970  00172C                     	goto	l621
  4971  00172C  EFD8  F00B         u1850:
  4972  001730                     	line	16
  4973                           	
  4974                           l2849:
  4975  001730                     	movlw	low(01h)
  4976  001730  0E01               	movwf	((c:___lldiv@counter)),c
  4977  001732  6E31               	line	17
  4978                           	goto	l2853
  4979  001734  EFA4  F00B         	
  4980                           l623:
  4981  001738                     	line	18
  4982                           	
  4983                           l2851:
  4984  001738                     	bcf	status,0
  4985  001738  90D8               	rlcf	((c:___lldiv@divisor)),c
  4986  00173A  3629               	rlcf	((c:___lldiv@divisor+1)),c
  4987  00173C  362A               	rlcf	((c:___lldiv@divisor+2)),c
  4988  00173E  362B               	rlcf	((c:___lldiv@divisor+3)),c
  4989  001740  362C               	line	19
  4990                           	incf	((c:___lldiv@counter)),c
  4991  001742  2A31               	goto	l2853
  4992  001744  EFA4  F00B         	line	20
  4993                           	
  4994                           l622:
  4995  001748                     	line	17
  4996                           	
  4997                           l2853:
  4998  001748                     	
  4999                           	btfss	((c:___lldiv@divisor+3)),c,(31)&7
  5000  001748  AE2C               	goto	u1861
  5001  00174A  EFA9  F00B         	goto	u1860
  5002  00174E  EFAB  F00B         u1861:
  5003  001752                     	goto	l2851
  5004  001752  EF9C  F00B         u1860:
  5005  001756                     	goto	l2855
  5006  001756  EFAF  F00B         	
  5007                           l624:
  5008  00175A                     	goto	l2855
  5009  00175A  EFAF  F00B         	line	21
  5010                           	
  5011                           l625:
  5012  00175E                     	line	22
  5013                           	
  5014                           l2855:
  5015  00175E                     	bcf	status,0
  5016  00175E  90D8               	rlcf	((c:___lldiv@quotient)),c
  5017  001760  362D               	rlcf	((c:___lldiv@quotient+1)),c
  5018  001762  362E               	rlcf	((c:___lldiv@quotient+2)),c
  5019  001764  362F               	rlcf	((c:___lldiv@quotient+3)),c
  5020  001766  3630               	line	23
  5021                           	
  5022                           l2857:
  5023  001768                     		movf	((c:___lldiv@divisor)),c,w
  5024  001768  5029               	subwf	((c:___lldiv@dividend)),c,w
  5025  00176A  5C25               	movf	((c:___lldiv@divisor+1)),c,w
  5026  00176C  502A               	subwfb	((c:___lldiv@dividend+1)),c,w
  5027  00176E  5826               	movf	((c:___lldiv@divisor+2)),c,w
  5028  001770  502B               	subwfb	((c:___lldiv@dividend+2)),c,w
  5029  001772  5827               	movf	((c:___lldiv@divisor+3)),c,w
  5030  001774  502C               	subwfb	((c:___lldiv@dividend+3)),c,w
  5031  001776  5828               	btfss	status,0
  5032  001778  A0D8               	goto	u1871
  5033  00177A  EFC1  F00B         	goto	u1870
  5034  00177E  EFC3  F00B         
  5035                           u1871:
  5036  001782                     	goto	l2863
  5037  001782  EFCE  F00B         u1870:
  5038  001786                     	line	24
  5039                           	
  5040                           l2859:
  5041  001786                     	movf	((c:___lldiv@divisor)),c,w
  5042  001786  5029               	subwf	((c:___lldiv@dividend)),c
  5043  001788  5E25               	movf	((c:___lldiv@divisor+1)),c,w
  5044  00178A  502A               	subwfb	((c:___lldiv@dividend+1)),c
  5045  00178C  5A26               	movf	((c:___lldiv@divisor+2)),c,w
  5046  00178E  502B               	subwfb	((c:___lldiv@dividend+2)),c
  5047  001790  5A27               	movf	((c:___lldiv@divisor+3)),c,w
  5048  001792  502C               	subwfb	((c:___lldiv@dividend+3)),c
  5049  001794  5A28               	line	25
  5050                           	
  5051                           l2861:
  5052  001796                     	bsf	(0+(0/8)+(c:___lldiv@quotient)),c,(0)&7
  5053  001796  802D               	goto	l2863
  5054  001798  EFCE  F00B         	line	26
  5055                           	
  5056                           l626:
  5057  00179C                     	line	27
  5058                           	
  5059                           l2863:
  5060  00179C                     	bcf	status,0
  5061  00179C  90D8               	rrcf	((c:___lldiv@divisor+3)),c
  5062  00179E  322C               	rrcf	((c:___lldiv@divisor+2)),c
  5063  0017A0  322B               	rrcf	((c:___lldiv@divisor+1)),c
  5064  0017A2  322A               	rrcf	((c:___lldiv@divisor)),c
  5065  0017A4  3229               	line	28
  5066                           	
  5067                           l2865:
  5068  0017A6                     	decfsz	((c:___lldiv@counter)),c
  5069  0017A6  2E31               	
  5070                           	goto	l2855
  5071  0017A8  EFAF  F00B         	goto	l621
  5072  0017AC  EFD8  F00B         	
  5073                           l627:
  5074  0017B0                     	line	29
  5075                           	
  5076                           l621:
  5077  0017B0                     	line	30
  5078                           	movff	(c:___lldiv@quotient),(c:?___lldiv)
  5079  0017B0  C02D  F025         	movff	(c:___lldiv@quotient+1),(c:?___lldiv+1)
  5080  0017B4  C02E  F026         	movff	(c:___lldiv@quotient+2),(c:?___lldiv+2)
  5081  0017B8  C02F  F027         	movff	(c:___lldiv@quotient+3),(c:?___lldiv+3)
  5082  0017BC  C030  F028         	line	31
  5083                           	
  5084                           l628:
  5085  0017C0                     	return	;funcret
  5086  0017C0  0012               	opt stack 0
  5087                           GLOBAL	__end_of___lldiv
  5088                           	__end_of___lldiv:
  5089  0017C2                     	signat	___lldiv,8316
  5090                           	global	___awmod
  5091                           
  5092 ;; *************** function ___awmod *****************
  5093 ;; Defined at:
  5094 ;;		line 8 in file "C:\Program Files (x86)\Microchip\xc8\v1.45\sources\common\awmod.c"
  5095 ;; Parameters:    Size  Location     Type
  5096 ;;  dividend        2   32[COMRAM] int 
  5097 ;;  divisor         2   34[COMRAM] int 
  5098 ;; Auto vars:     Size  Location     Type
  5099 ;;  sign            1   37[COMRAM] unsigned char 
  5100 ;;  counter         1   36[COMRAM] unsigned char 
  5101 ;; Return value:  Size  Location     Type
  5102 ;;                  2   32[COMRAM] int 
  5103 ;; Registers used:
  5104 ;;		wreg, status,2, status,0
  5105 ;; Tracked objects:
  5106 ;;		On entry : 0/0
  5107 ;;		On exit  : 0/0
  5108 ;;		Unchanged: 0/0
  5109 ;; Data sizes:     COMRAM   BANK0   BANK1   BANK2   BANK3   BANK4   BANK5   BANK6   BANK7
  5110 ;;      Params:         4       0       0       0       0       0       0       0       0
  5111 ;;      Locals:         2       0       0       0       0       0       0       0       0
  5112 ;;      Temps:          0       0       0       0       0       0       0       0       0
  5113 ;;      Totals:         6       0       0       0       0       0       0       0       0
  5114 ;;Total ram usage:        6 bytes
  5115 ;; Hardware stack levels used:    1
  5116 ;; Hardware stack levels required when called:    2
  5117 ;; This function calls:
  5118 ;;		Nothing
  5119 ;; This function is called by:
  5120 ;;		_main
  5121 ;; This function uses a non-reentrant model
  5122 ;;
  5123                           psect	text11,class=CODE,space=0,reloc=2,group=1
  5124                           	file	"C:\Program Files (x86)\Microchip\xc8\v1.45\sources\common\awmod.c"
  5125                           	line	8
  5126                           global __ptext11
  5127                           __ptext11:
  5128  001632                     psect	text11
  5129                           	file	"C:\Program Files (x86)\Microchip\xc8\v1.45\sources\common\awmod.c"
  5130                           	line	8
  5131                           	global	__size_of___awmod
  5132                           	__size_of___awmod	equ	__end_of___awmod-___awmod
  5133  0000                     	
  5134                           ___awmod:
  5135  001632                     ;incstack = 0
  5136                           	opt	stack 28
  5137                           	line	13
  5138                           	
  5139                           l2809:
  5140  001632                     	movlw	low(0)
  5141  001632  0E00               	movwf	((c:___awmod@sign)),c
  5142  001634  6E26               	line	14
  5143                           	
  5144                           l2811:
  5145  001636                     	btfsc	((c:___awmod@dividend+1)),c,7
  5146  001636  BE22               	goto	u1790
  5147  001638  EF22  F00B         	goto	u1791
  5148  00163C  EF20  F00B         
  5149                           u1791:
  5150  001640                     	goto	l2817
  5151  001640  EF2A  F00B         u1790:
  5152  001644                     	line	15
  5153                           	
  5154                           l2813:
  5155  001644                     	negf	((c:___awmod@dividend)),c
  5156  001644  6C21               	comf	((c:___awmod@dividend+1)),c
  5157  001646  1E22               	btfsc	status,0
  5158  001648  B0D8               	incf	((c:___awmod@dividend+1)),c
  5159  00164A  2A22               	line	16
  5160                           	
  5161                           l2815:
  5162  00164C                     	movlw	low(01h)
  5163  00164C  0E01               	movwf	((c:___awmod@sign)),c
  5164  00164E  6E26               	goto	l2817
  5165  001650  EF2A  F00B         	line	17
  5166                           	
  5167                           l452:
  5168  001654                     	line	18
  5169                           	
  5170                           l2817:
  5171  001654                     	btfsc	((c:___awmod@divisor+1)),c,7
  5172  001654  BE24               	goto	u1800
  5173  001656  EF31  F00B         	goto	u1801
  5174  00165A  EF2F  F00B         
  5175                           u1801:
  5176  00165E                     	goto	l2821
  5177  00165E  EF37  F00B         u1800:
  5178  001662                     	line	19
  5179                           	
  5180                           l2819:
  5181  001662                     	negf	((c:___awmod@divisor)),c
  5182  001662  6C23               	comf	((c:___awmod@divisor+1)),c
  5183  001664  1E24               	btfsc	status,0
  5184  001666  B0D8               	incf	((c:___awmod@divisor+1)),c
  5185  001668  2A24               	goto	l2821
  5186  00166A  EF37  F00B         	
  5187                           l453:
  5188  00166E                     	line	20
  5189                           	
  5190                           l2821:
  5191  00166E                     	movf	((c:___awmod@divisor)),c,w
  5192  00166E  5023               iorwf	((c:___awmod@divisor+1)),c,w
  5193  001670  1024               	btfsc	status,2
  5194  001672  B4D8               	goto	u1811
  5195  001674  EF3E  F00B         	goto	u1810
  5196  001678  EF40  F00B         
  5197                           u1811:
  5198  00167C                     	goto	l2837
  5199  00167C  EF70  F00B         u1810:
  5200  001680                     	line	21
  5201                           	
  5202                           l2823:
  5203  001680                     	movlw	low(01h)
  5204  001680  0E01               	movwf	((c:___awmod@counter)),c
  5205  001682  6E25               	line	22
  5206                           	goto	l2827
  5207  001684  EF4A  F00B         	
  5208                           l456:
  5209  001688                     	line	23
  5210                           	
  5211                           l2825:
  5212  001688                     	bcf	status,0
  5213  001688  90D8               	rlcf	((c:___awmod@divisor)),c
  5214  00168A  3623               	rlcf	((c:___awmod@divisor+1)),c
  5215  00168C  3624               	line	24
  5216                           	incf	((c:___awmod@counter)),c
  5217  00168E  2A25               	goto	l2827
  5218  001690  EF4A  F00B         	line	25
  5219                           	
  5220                           l455:
  5221  001694                     	line	22
  5222                           	
  5223                           l2827:
  5224  001694                     	
  5225                           	btfss	((c:___awmod@divisor+1)),c,(15)&7
  5226  001694  AE24               	goto	u1821
  5227  001696  EF4F  F00B         	goto	u1820
  5228  00169A  EF51  F00B         u1821:
  5229  00169E                     	goto	l2825
  5230  00169E  EF44  F00B         u1820:
  5231  0016A2                     	goto	l2829
  5232  0016A2  EF55  F00B         	
  5233                           l457:
  5234  0016A6                     	goto	l2829
  5235  0016A6  EF55  F00B         	line	26
  5236                           	
  5237                           l458:
  5238  0016AA                     	line	27
  5239                           	
  5240                           l2829:
  5241  0016AA                     		movf	((c:___awmod@divisor)),c,w
  5242  0016AA  5023               	subwf	((c:___awmod@dividend)),c,w
  5243  0016AC  5C21               	movf	((c:___awmod@divisor+1)),c,w
  5244  0016AE  5024               	subwfb	((c:___awmod@dividend+1)),c,w
  5245  0016B0  5822               	btfss	status,0
  5246  0016B2  A0D8               	goto	u1831
  5247  0016B4  EF5E  F00B         	goto	u1830
  5248  0016B8  EF60  F00B         
  5249                           u1831:
  5250  0016BC                     	goto	l2833
  5251  0016BC  EF66  F00B         u1830:
  5252  0016C0                     	line	28
  5253                           	
  5254                           l2831:
  5255  0016C0                     	movf	((c:___awmod@divisor)),c,w
  5256  0016C0  5023               	subwf	((c:___awmod@dividend)),c
  5257  0016C2  5E21               	movf	((c:___awmod@divisor+1)),c,w
  5258  0016C4  5024               	subwfb	((c:___awmod@dividend+1)),c
  5259  0016C6  5A22               
  5260                           	goto	l2833
  5261  0016C8  EF66  F00B         	
  5262                           l459:
  5263  0016CC                     	line	29
  5264                           	
  5265                           l2833:
  5266  0016CC                     	bcf	status,0
  5267  0016CC  90D8               	rrcf	((c:___awmod@divisor+1)),c
  5268  0016CE  3224               	rrcf	((c:___awmod@divisor)),c
  5269  0016D0  3223               	line	30
  5270                           	
  5271                           l2835:
  5272  0016D2                     	decfsz	((c:___awmod@counter)),c
  5273  0016D2  2E25               	
  5274                           	goto	l2829
  5275  0016D4  EF55  F00B         	goto	l2837
  5276  0016D8  EF70  F00B         	
  5277                           l460:
  5278  0016DC                     	goto	l2837
  5279  0016DC  EF70  F00B         	line	31
  5280                           	
  5281                           l454:
  5282  0016E0                     	line	32
  5283                           	
  5284                           l2837:
  5285  0016E0                     	movf	((c:___awmod@sign)),c,w
  5286  0016E0  5026               	btfsc	status,2
  5287  0016E2  B4D8               	goto	u1841
  5288  0016E4  EF76  F00B         	goto	u1840
  5289  0016E8  EF78  F00B         u1841:
  5290  0016EC                     	goto	l2841
  5291  0016EC  EF7E  F00B         u1840:
  5292  0016F0                     	line	33
  5293                           	
  5294                           l2839:
  5295  0016F0                     	negf	((c:___awmod@dividend)),c
  5296  0016F0  6C21               	comf	((c:___awmod@dividend+1)),c
  5297  0016F2  1E22               	btfsc	status,0
  5298  0016F4  B0D8               	incf	((c:___awmod@dividend+1)),c
  5299  0016F6  2A22               	goto	l2841
  5300  0016F8  EF7E  F00B         	
  5301                           l461:
  5302  0016FC                     	line	34
  5303                           	
  5304                           l2841:
  5305  0016FC                     	movff	(c:___awmod@dividend),(c:?___awmod)
  5306  0016FC  C021  F021         	movff	(c:___awmod@dividend+1),(c:?___awmod+1)
  5307  001700  C022  F022         	goto	l462
  5308  001704  EF84  F00B         	
  5309                           l2843:
  5310  001708                     	line	35
  5311                           	
  5312                           l462:
  5313  001708                     	return	;funcret
  5314  001708  0012               	opt stack 0
  5315                           GLOBAL	__end_of___awmod
  5316                           	__end_of___awmod:
  5317  00170A                     	signat	___awmod,8314
  5318                           	global	___awdiv
  5319                           
  5320 ;; *************** function ___awdiv *****************
  5321 ;; Defined at:
  5322 ;;		line 8 in file "C:\Program Files (x86)\Microchip\xc8\v1.45\sources\common\awdiv.c"
  5323 ;; Parameters:    Size  Location     Type
  5324 ;;  dividend        2   24[COMRAM] int 
  5325 ;;  divisor         2   26[COMRAM] int 
  5326 ;; Auto vars:     Size  Location     Type
  5327 ;;  quotient        2   30[COMRAM] int 
  5328 ;;  sign            1   29[COMRAM] unsigned char 
  5329 ;;  counter         1   28[COMRAM] unsigned char 
  5330 ;; Return value:  Size  Location     Type
  5331 ;;                  2   24[COMRAM] int 
  5332 ;; Registers used:
  5333 ;;		wreg, status,2, status,0
  5334 ;; Tracked objects:
  5335 ;;		On entry : 0/0
  5336 ;;		On exit  : 0/0
  5337 ;;		Unchanged: 0/0
  5338 ;; Data sizes:     COMRAM   BANK0   BANK1   BANK2   BANK3   BANK4   BANK5   BANK6   BANK7
  5339 ;;      Params:         4       0       0       0       0       0       0       0       0
  5340 ;;      Locals:         4       0       0       0       0       0       0       0       0
  5341 ;;      Temps:          0       0       0       0       0       0       0       0       0
  5342 ;;      Totals:         8       0       0       0       0       0       0       0       0
  5343 ;;Total ram usage:        8 bytes
  5344 ;; Hardware stack levels used:    1
  5345 ;; Hardware stack levels required when called:    2
  5346 ;; This function calls:
  5347 ;;		Nothing
  5348 ;; This function is called by:
  5349 ;;		_main
  5350 ;; This function uses a non-reentrant model
  5351 ;;
  5352                           psect	text12,class=CODE,space=0,reloc=2,group=1
  5353                           	file	"C:\Program Files (x86)\Microchip\xc8\v1.45\sources\common\awdiv.c"
  5354                           	line	8
  5355                           global __ptext12
  5356                           __ptext12:
  5357  001546                     psect	text12
  5358                           	file	"C:\Program Files (x86)\Microchip\xc8\v1.45\sources\common\awdiv.c"
  5359                           	line	8
  5360                           	global	__size_of___awdiv
  5361                           	__size_of___awdiv	equ	__end_of___awdiv-___awdiv
  5362  0000                     	
  5363                           ___awdiv:
  5364  001546                     ;incstack = 0
  5365                           	opt	stack 28
  5366                           	line	14
  5367                           	
  5368                           l2765:
  5369  001546                     	movlw	low(0)
  5370  001546  0E00               	movwf	((c:___awdiv@sign)),c
  5371  001548  6E1E               	line	15
  5372                           	
  5373                           l2767:
  5374  00154A                     	btfsc	((c:___awdiv@divisor+1)),c,7
  5375  00154A  BE1C               	goto	u1730
  5376  00154C  EFAC  F00A         	goto	u1731
  5377  001550  EFAA  F00A         
  5378                           u1731:
  5379  001554                     	goto	l2773
  5380  001554  EFB4  F00A         u1730:
  5381  001558                     	line	16
  5382                           	
  5383                           l2769:
  5384  001558                     	negf	((c:___awdiv@divisor)),c
  5385  001558  6C1B               	comf	((c:___awdiv@divisor+1)),c
  5386  00155A  1E1C               	btfsc	status,0
  5387  00155C  B0D8               	incf	((c:___awdiv@divisor+1)),c
  5388  00155E  2A1C               	line	17
  5389                           	
  5390                           l2771:
  5391  001560                     	movlw	low(01h)
  5392  001560  0E01               	movwf	((c:___awdiv@sign)),c
  5393  001562  6E1E               	goto	l2773
  5394  001564  EFB4  F00A         	line	18
  5395                           	
  5396                           l439:
  5397  001568                     	line	19
  5398                           	
  5399                           l2773:
  5400  001568                     	btfsc	((c:___awdiv@dividend+1)),c,7
  5401  001568  BE1A               	goto	u1740
  5402  00156A  EFBB  F00A         	goto	u1741
  5403  00156E  EFB9  F00A         
  5404                           u1741:
  5405  001572                     	goto	l2779
  5406  001572  EFC3  F00A         u1740:
  5407  001576                     	line	20
  5408                           	
  5409                           l2775:
  5410  001576                     	negf	((c:___awdiv@dividend)),c
  5411  001576  6C19               	comf	((c:___awdiv@dividend+1)),c
  5412  001578  1E1A               	btfsc	status,0
  5413  00157A  B0D8               	incf	((c:___awdiv@dividend+1)),c
  5414  00157C  2A1A               	line	21
  5415                           	
  5416                           l2777:
  5417  00157E                     	movlw	(01h)&0ffh
  5418  00157E  0E01               	xorwf	((c:___awdiv@sign)),c
  5419  001580  1A1E               	goto	l2779
  5420  001582  EFC3  F00A         	line	22
  5421                           	
  5422                           l440:
  5423  001586                     	line	23
  5424                           	
  5425                           l2779:
  5426  001586                     	movlw	high(0)
  5427  001586  0E00               	movwf	((c:___awdiv@quotient+1)),c
  5428  001588  6E20               	movlw	low(0)
  5429  00158A  0E00               	movwf	((c:___awdiv@quotient)),c
  5430  00158C  6E1F               	line	24
  5431                           	
  5432                           l2781:
  5433  00158E                     	movf	((c:___awdiv@divisor)),c,w
  5434  00158E  501B               iorwf	((c:___awdiv@divisor+1)),c,w
  5435  001590  101C               	btfsc	status,2
  5436  001592  B4D8               	goto	u1751
  5437  001594  EFCE  F00A         	goto	u1750
  5438  001598  EFD0  F00A         
  5439                           u1751:
  5440  00159C                     	goto	l2801
  5441  00159C  EF04  F00B         u1750:
  5442  0015A0                     	line	25
  5443                           	
  5444                           l2783:
  5445  0015A0                     	movlw	low(01h)
  5446  0015A0  0E01               	movwf	((c:___awdiv@counter)),c
  5447  0015A2  6E1D               	line	26
  5448                           	goto	l2787
  5449  0015A4  EFDA  F00A         	
  5450                           l443:
  5451  0015A8                     	line	27
  5452                           	
  5453                           l2785:
  5454  0015A8                     	bcf	status,0
  5455  0015A8  90D8               	rlcf	((c:___awdiv@divisor)),c
  5456  0015AA  361B               	rlcf	((c:___awdiv@divisor+1)),c
  5457  0015AC  361C               	line	28
  5458                           	incf	((c:___awdiv@counter)),c
  5459  0015AE  2A1D               	goto	l2787
  5460  0015B0  EFDA  F00A         	line	29
  5461                           	
  5462                           l442:
  5463  0015B4                     	line	26
  5464                           	
  5465                           l2787:
  5466  0015B4                     	
  5467                           	btfss	((c:___awdiv@divisor+1)),c,(15)&7
  5468  0015B4  AE1C               	goto	u1761
  5469  0015B6  EFDF  F00A         	goto	u1760
  5470  0015BA  EFE1  F00A         u1761:
  5471  0015BE                     	goto	l2785
  5472  0015BE  EFD4  F00A         u1760:
  5473  0015C2                     	goto	l2789
  5474  0015C2  EFE5  F00A         	
  5475                           l444:
  5476  0015C6                     	goto	l2789
  5477  0015C6  EFE5  F00A         	line	30
  5478                           	
  5479                           l445:
  5480  0015CA                     	line	31
  5481                           	
  5482                           l2789:
  5483  0015CA                     	bcf	status,0
  5484  0015CA  90D8               	rlcf	((c:___awdiv@quotient)),c
  5485  0015CC  361F               	rlcf	((c:___awdiv@quotient+1)),c
  5486  0015CE  3620               	line	32
  5487                           	
  5488                           l2791:
  5489  0015D0                     		movf	((c:___awdiv@divisor)),c,w
  5490  0015D0  501B               	subwf	((c:___awdiv@dividend)),c,w
  5491  0015D2  5C19               	movf	((c:___awdiv@divisor+1)),c,w
  5492  0015D4  501C               	subwfb	((c:___awdiv@dividend+1)),c,w
  5493  0015D6  581A               	btfss	status,0
  5494  0015D8  A0D8               	goto	u1771
  5495  0015DA  EFF1  F00A         	goto	u1770
  5496  0015DE  EFF3  F00A         
  5497                           u1771:
  5498  0015E2                     	goto	l2797
  5499  0015E2  EFFA  F00A         u1770:
  5500  0015E6                     	line	33
  5501                           	
  5502                           l2793:
  5503  0015E6                     	movf	((c:___awdiv@divisor)),c,w
  5504  0015E6  501B               	subwf	((c:___awdiv@dividend)),c
  5505  0015E8  5E19               	movf	((c:___awdiv@divisor+1)),c,w
  5506  0015EA  501C               	subwfb	((c:___awdiv@dividend+1)),c
  5507  0015EC  5A1A               
  5508                           	line	34
  5509                           	
  5510                           l2795:
  5511  0015EE                     	bsf	(0+(0/8)+(c:___awdiv@quotient)),c,(0)&7
  5512  0015EE  801F               	goto	l2797
  5513  0015F0  EFFA  F00A         	line	35
  5514                           	
  5515                           l446:
  5516  0015F4                     	line	36
  5517                           	
  5518                           l2797:
  5519  0015F4                     	bcf	status,0
  5520  0015F4  90D8               	rrcf	((c:___awdiv@divisor+1)),c
  5521  0015F6  321C               	rrcf	((c:___awdiv@divisor)),c
  5522  0015F8  321B               	line	37
  5523                           	
  5524                           l2799:
  5525  0015FA                     	decfsz	((c:___awdiv@counter)),c
  5526  0015FA  2E1D               	
  5527                           	goto	l2789
  5528  0015FC  EFE5  F00A         	goto	l2801
  5529  001600  EF04  F00B         	
  5530                           l447:
  5531  001604                     	goto	l2801
  5532  001604  EF04  F00B         	line	38
  5533                           	
  5534                           l441:
  5535  001608                     	line	39
  5536                           	
  5537                           l2801:
  5538  001608                     	movf	((c:___awdiv@sign)),c,w
  5539  001608  501E               	btfsc	status,2
  5540  00160A  B4D8               	goto	u1781
  5541  00160C  EF0A  F00B         	goto	u1780
  5542  001610  EF0C  F00B         u1781:
  5543  001614                     	goto	l2805
  5544  001614  EF12  F00B         u1780:
  5545  001618                     	line	40
  5546                           	
  5547                           l2803:
  5548  001618                     	negf	((c:___awdiv@quotient)),c
  5549  001618  6C1F               	comf	((c:___awdiv@quotient+1)),c
  5550  00161A  1E20               	btfsc	status,0
  5551  00161C  B0D8               	incf	((c:___awdiv@quotient+1)),c
  5552  00161E  2A20               	goto	l2805
  5553  001620  EF12  F00B         	
  5554                           l448:
  5555  001624                     	line	41
  5556                           	
  5557                           l2805:
  5558  001624                     	movff	(c:___awdiv@quotient),(c:?___awdiv)
  5559  001624  C01F  F019         	movff	(c:___awdiv@quotient+1),(c:?___awdiv+1)
  5560  001628  C020  F01A         	goto	l449
  5561  00162C  EF18  F00B         	
  5562                           l2807:
  5563  001630                     	line	42
  5564                           	
  5565                           l449:
  5566  001630                     	return	;funcret
  5567  001630  0012               	opt stack 0
  5568                           GLOBAL	__end_of___awdiv
  5569                           	__end_of___awdiv:
  5570  001632                     	signat	___awdiv,8314
  5571                           	global	_OpenXLCD
  5572                           
  5573 ;; *************** function _OpenXLCD *****************
  5574 ;; Defined at:
  5575 ;;		line 41 in file "nxlcd.c"
  5576 ;; Parameters:    Size  Location     Type
  5577 ;;  lcdtype         1    wreg     unsigned char 
  5578 ;; Auto vars:     Size  Location     Type
  5579 ;;  lcdtype         1   25[COMRAM] unsigned char 
  5580 ;; Return value:  Size  Location     Type
  5581 ;;                  1    wreg      void 
  5582 ;; Registers used:
  5583 ;;		wreg, status,2, status,0, cstack
  5584 ;; Tracked objects:
  5585 ;;		On entry : 0/0
  5586 ;;		On exit  : 0/0
  5587 ;;		Unchanged: 0/0
  5588 ;; Data sizes:     COMRAM   BANK0   BANK1   BANK2   BANK3   BANK4   BANK5   BANK6   BANK7
  5589 ;;      Params:         0       0       0       0       0       0       0       0       0
  5590 ;;      Locals:         1       0       0       0       0       0       0       0       0
  5591 ;;      Temps:          0       0       0       0       0       0       0       0       0
  5592 ;;      Totals:         1       0       0       0       0       0       0       0       0
  5593 ;;Total ram usage:        1 bytes
  5594 ;; Hardware stack levels used:    1
  5595 ;; Hardware stack levels required when called:    4
  5596 ;; This function calls:
  5597 ;;		_BusyXLCD
  5598 ;;		_DelayPORXLCD
  5599 ;;		_DelayXLCD
  5600 ;;		_SetDDRamAddr
  5601 ;;		_WriteCmdXLCD
  5602 ;; This function is called by:
  5603 ;;		_main
  5604 ;; This function uses a non-reentrant model
  5605 ;;
  5606                           psect	text13,class=CODE,space=0,reloc=2,group=0
  5607                           	file	"nxlcd.c"
  5608                           	line	41
  5609                           global __ptext13
  5610                           __ptext13:
  5611  001400                     psect	text13
  5612                           	file	"nxlcd.c"
  5613                           	line	41
  5614                           	global	__size_of_OpenXLCD
  5615                           	__size_of_OpenXLCD	equ	__end_of_OpenXLCD-_OpenXLCD
  5616  0000                     	
  5617                           _OpenXLCD:
  5618  001400                     ;incstack = 0
  5619                           	opt	stack 26
  5620                           ;OpenXLCD@lcdtype stored from wreg
  5621                           	movwf	((c:OpenXLCD@lcdtype)),c
  5622  001400  6E1A               	line	50
  5623                           	
  5624                           l2627:
  5625  001402                     ;nxlcd.c: 50: PORTD &= 0x0f;
  5626                           	movlw	(0Fh)&0ffh
  5627  001402  0E0F               	andwf	((c:3971)),c	;volatile
  5628  001404  1683               	line	51
  5629                           ;nxlcd.c: 51: TRISD &= 0x0F;
  5630                           	movlw	(0Fh)&0ffh
  5631  001406  0E0F               	andwf	((c:3989)),c	;volatile
  5632  001408  1695               	line	57
  5633                           	
  5634                           l2629:
  5635  00140A                     ;nxlcd.c: 57: TRISEbits.TRISE2 = 0;
  5636                           	bcf	((c:3990)),c,2	;volatile
  5637  00140A  9496               	line	58
  5638                           	
  5639                           l2631:
  5640  00140C                     ;nxlcd.c: 58: TRISEbits.TRISE0 = 0;
  5641                           	bcf	((c:3990)),c,0	;volatile
  5642  00140C  9096               	line	59
  5643                           	
  5644                           l2633:
  5645  00140E                     ;nxlcd.c: 59: TRISEbits.TRISE1 = 0;
  5646                           	bcf	((c:3990)),c,1	;volatile
  5647  00140E  9296               	line	60
  5648                           	
  5649                           l2635:
  5650  001410                     ;nxlcd.c: 60: LATEbits.LATE2 = 0;
  5651                           	bcf	((c:3981)),c,2	;volatile
  5652  001410  948D               	line	61
  5653                           	
  5654                           l2637:
  5655  001412                     ;nxlcd.c: 61: LATEbits.LATE0 = 0;
  5656                           	bcf	((c:3981)),c,0	;volatile
  5657  001412  908D               	line	62
  5658                           	
  5659                           l2639:
  5660  001414                     ;nxlcd.c: 62: LATEbits.LATE1 = 0;
  5661                           	bcf	((c:3981)),c,1	;volatile
  5662  001414  928D               	line	65
  5663                           	
  5664                           l2641:
  5665  001416                     ;nxlcd.c: 65: DelayPORXLCD();
  5666                           	call	_DelayPORXLCD	;wreg free
  5667  001416  ECA8  F00E         	line	67
  5668                           	
  5669                           l2643:
  5670  00141A                     ;nxlcd.c: 67: WriteCmdXLCD(0x30);
  5671                           	movlw	(030h)&0ffh
  5672  00141A  0E30               	
  5673                           	call	_WriteCmdXLCD
  5674  00141C  EC5C  F00E         	line	68
  5675                           	
  5676                           l2645:
  5677  001420                     ;nxlcd.c: 68: DelayXLCD();
  5678                           	call	_DelayXLCD	;wreg free
  5679  001420  EC9F  F00E         	line	69
  5680                           	
  5681                           l2647:
  5682  001424                     ;nxlcd.c: 69: DelayXLCD();
  5683                           	call	_DelayXLCD	;wreg free
  5684  001424  EC9F  F00E         	line	70
  5685                           	
  5686                           l2649:
  5687  001428                     ;nxlcd.c: 70: WriteCmdXLCD(0x30);
  5688                           	movlw	(030h)&0ffh
  5689  001428  0E30               	
  5690                           	call	_WriteCmdXLCD
  5691  00142A  EC5C  F00E         	line	71
  5692                           	
  5693                           l2651:
  5694  00142E                     ;nxlcd.c: 71: DelayXLCD();
  5695                           	call	_DelayXLCD	;wreg free
  5696  00142E  EC9F  F00E         	line	72
  5697                           	
  5698                           l2653:
  5699  001432                     ;nxlcd.c: 72: DelayXLCD();
  5700                           	call	_DelayXLCD	;wreg free
  5701  001432  EC9F  F00E         	line	73
  5702                           	
  5703                           l2655:
  5704  001436                     ;nxlcd.c: 73: WriteCmdXLCD(0x32);
  5705                           	movlw	(032h)&0ffh
  5706  001436  0E32               	
  5707                           	call	_WriteCmdXLCD
  5708  001438  EC5C  F00E         	line	74
  5709                           ;nxlcd.c: 74: while( BusyXLCD() );
  5710                           	goto	l2657
  5711  00143C  EF22  F00A         	
  5712                           l29:
  5713  001440                     	goto	l2657
  5714  001440  EF22  F00A         	
  5715                           l28:
  5716  001444                     	
  5717                           l2657:
  5718  001444                     	call	_BusyXLCD	;wreg free
  5719  001444  ECCC  F00D         	iorlw	0
  5720  001448  0900               	btfss	status,2
  5721  00144A  A4D8               	goto	u1561
  5722  00144C  EF2A  F00A         	goto	u1560
  5723  001450  EF2C  F00A         u1561:
  5724  001454                     	goto	l2657
  5725  001454  EF22  F00A         u1560:
  5726  001458                     	goto	l2659
  5727  001458  EF32  F00A         	
  5728                           l30:
  5729  00145C                     	line	79
  5730                           ;nxlcd.c: 79: while(BusyXLCD());
  5731                           	goto	l2659
  5732  00145C  EF32  F00A         	
  5733                           l32:
  5734  001460                     	goto	l2659
  5735  001460  EF32  F00A         	
  5736                           l31:
  5737  001464                     	
  5738                           l2659:
  5739  001464                     	call	_BusyXLCD	;wreg free
  5740  001464  ECCC  F00D         	iorlw	0
  5741  001468  0900               	btfss	status,2
  5742  00146A  A4D8               	goto	u1571
  5743  00146C  EF3A  F00A         	goto	u1570
  5744  001470  EF3C  F00A         u1571:
  5745  001474                     	goto	l2659
  5746  001474  EF32  F00A         u1570:
  5747  001478                     	goto	l2661
  5748  001478  EF3E  F00A         	
  5749                           l33:
  5750  00147C                     	line	80
  5751                           	
  5752                           l2661:
  5753  00147C                     ;nxlcd.c: 80: WriteCmdXLCD(lcdtype);
  5754                           	movf	((c:OpenXLCD@lcdtype)),c,w
  5755  00147C  501A               	
  5756                           	call	_WriteCmdXLCD
  5757  00147E  EC5C  F00E         	line	83
  5758                           ;nxlcd.c: 83: while(BusyXLCD());
  5759                           	goto	l2663
  5760  001482  EF45  F00A         	
  5761                           l35:
  5762  001486                     	goto	l2663
  5763  001486  EF45  F00A         	
  5764                           l34:
  5765  00148A                     	
  5766                           l2663:
  5767  00148A                     	call	_BusyXLCD	;wreg free
  5768  00148A  ECCC  F00D         	iorlw	0
  5769  00148E  0900               	btfss	status,2
  5770  001490  A4D8               	goto	u1581
  5771  001492  EF4D  F00A         	goto	u1580
  5772  001496  EF4F  F00A         u1581:
  5773  00149A                     	goto	l2663
  5774  00149A  EF45  F00A         u1580:
  5775  00149E                     	goto	l2665
  5776  00149E  EF51  F00A         	
  5777                           l36:
  5778  0014A2                     	line	84
  5779                           	
  5780                           l2665:
  5781  0014A2                     ;nxlcd.c: 84: WriteCmdXLCD(0b00001011&0b00001101&0b00001110);
  5782                           	movlw	(08h)&0ffh
  5783  0014A2  0E08               	
  5784                           	call	_WriteCmdXLCD
  5785  0014A4  EC5C  F00E         	line	85
  5786                           ;nxlcd.c: 85: while(BusyXLCD());
  5787                           	goto	l2667
  5788  0014A8  EF58  F00A         	
  5789                           l38:
  5790  0014AC                     	goto	l2667
  5791  0014AC  EF58  F00A         	
  5792                           l37:
  5793  0014B0                     	
  5794                           l2667:
  5795  0014B0                     	call	_BusyXLCD	;wreg free
  5796  0014B0  ECCC  F00D         	iorlw	0
  5797  0014B4  0900               	btfss	status,2
  5798  0014B6  A4D8               	goto	u1591
  5799  0014B8  EF60  F00A         	goto	u1590
  5800  0014BC  EF62  F00A         u1591:
  5801  0014C0                     	goto	l2667
  5802  0014C0  EF58  F00A         u1590:
  5803  0014C4                     	goto	l2669
  5804  0014C4  EF64  F00A         	
  5805                           l39:
  5806  0014C8                     	line	86
  5807                           	
  5808                           l2669:
  5809  0014C8                     ;nxlcd.c: 86: WriteCmdXLCD(0b00001111&0b00001111&0b00001111);
  5810                           	movlw	(0Fh)&0ffh
  5811  0014C8  0E0F               	
  5812                           	call	_WriteCmdXLCD
  5813  0014CA  EC5C  F00E         	line	89
  5814                           ;nxlcd.c: 89: while(BusyXLCD());
  5815                           	goto	l2671
  5816  0014CE  EF6B  F00A         	
  5817                           l41:
  5818  0014D2                     	goto	l2671
  5819  0014D2  EF6B  F00A         	
  5820                           l40:
  5821  0014D6                     	
  5822                           l2671:
  5823  0014D6                     	call	_BusyXLCD	;wreg free
  5824  0014D6  ECCC  F00D         	iorlw	0
  5825  0014DA  0900               	btfss	status,2
  5826  0014DC  A4D8               	goto	u1601
  5827  0014DE  EF73  F00A         	goto	u1600
  5828  0014E2  EF75  F00A         u1601:
  5829  0014E6                     	goto	l2671
  5830  0014E6  EF6B  F00A         u1600:
  5831  0014EA                     	goto	l2673
  5832  0014EA  EF77  F00A         	
  5833                           l42:
  5834  0014EE                     	line	90
  5835                           	
  5836                           l2673:
  5837  0014EE                     ;nxlcd.c: 90: WriteCmdXLCD(0x01);
  5838                           	movlw	(01h)&0ffh
  5839  0014EE  0E01               	
  5840                           	call	_WriteCmdXLCD
  5841  0014F0  EC5C  F00E         	line	93
  5842                           ;nxlcd.c: 93: while(BusyXLCD());
  5843                           	goto	l2675
  5844  0014F4  EF7E  F00A         	
  5845                           l44:
  5846  0014F8                     	goto	l2675
  5847  0014F8  EF7E  F00A         	
  5848                           l43:
  5849  0014FC                     	
  5850                           l2675:
  5851  0014FC                     	call	_BusyXLCD	;wreg free
  5852  0014FC  ECCC  F00D         	iorlw	0
  5853  001500  0900               	btfss	status,2
  5854  001502  A4D8               	goto	u1611
  5855  001504  EF86  F00A         	goto	u1610
  5856  001508  EF88  F00A         u1611:
  5857  00150C                     	goto	l2675
  5858  00150C  EF7E  F00A         u1610:
  5859  001510                     	goto	l2677
  5860  001510  EF8A  F00A         	
  5861                           l45:
  5862  001514                     	line	94
  5863                           	
  5864                           l2677:
  5865  001514                     ;nxlcd.c: 94: WriteCmdXLCD(0b00000100);
  5866                           	movlw	(04h)&0ffh
  5867  001514  0E04               	
  5868                           	call	_WriteCmdXLCD
  5869  001516  EC5C  F00E         	line	97
  5870                           ;nxlcd.c: 97: while(BusyXLCD());
  5871                           	goto	l2679
  5872  00151A  EF91  F00A         	
  5873                           l47:
  5874  00151E                     	goto	l2679
  5875  00151E  EF91  F00A         	
  5876                           l46:
  5877  001522                     	
  5878                           l2679:
  5879  001522                     	call	_BusyXLCD	;wreg free
  5880  001522  ECCC  F00D         	iorlw	0
  5881  001526  0900               	btfss	status,2
  5882  001528  A4D8               	goto	u1621
  5883  00152A  EF99  F00A         	goto	u1620
  5884  00152E  EF9B  F00A         u1621:
  5885  001532                     	goto	l2679
  5886  001532  EF91  F00A         u1620:
  5887  001536                     	goto	l2681
  5888  001536  EF9D  F00A         	
  5889                           l48:
  5890  00153A                     	line	98
  5891                           	
  5892                           l2681:
  5893  00153A                     ;nxlcd.c: 98: SetDDRamAddr(0x80);
  5894                           	movlw	(080h)&0ffh
  5895  00153A  0E80               	
  5896                           	call	_SetDDRamAddr
  5897  00153C  EC19  F00E         	goto	l49
  5898  001540  EFA2  F00A         	line	100
  5899                           	
  5900                           l2683:
  5901  001544                     	line	101
  5902                           ;nxlcd.c: 100: return;
  5903                           	
  5904                           l49:
  5905  001544                     	return	;funcret
  5906  001544  0012               	opt stack 0
  5907                           GLOBAL	__end_of_OpenXLCD
  5908                           	__end_of_OpenXLCD:
  5909  001546                     	signat	_OpenXLCD,4217
  5910                           	global	_WriteCmdXLCD
  5911                           
  5912 ;; *************** function _WriteCmdXLCD *****************
  5913 ;; Defined at:
  5914 ;;		line 388 in file "nxlcd.c"
  5915 ;; Parameters:    Size  Location     Type
  5916 ;;  cmd             1    wreg     unsigned char 
  5917 ;; Auto vars:     Size  Location     Type
  5918 ;;  cmd             1   24[COMRAM] unsigned char 
  5919 ;; Return value:  Size  Location     Type
  5920 ;;                  1    wreg      void 
  5921 ;; Registers used:
  5922 ;;		wreg, status,2, status,0, cstack
  5923 ;; Tracked objects:
  5924 ;;		On entry : 0/0
  5925 ;;		On exit  : 0/0
  5926 ;;		Unchanged: 0/0
  5927 ;; Data sizes:     COMRAM   BANK0   BANK1   BANK2   BANK3   BANK4   BANK5   BANK6   BANK7
  5928 ;;      Params:         0       0       0       0       0       0       0       0       0
  5929 ;;      Locals:         1       0       0       0       0       0       0       0       0
  5930 ;;      Temps:          0       0       0       0       0       0       0       0       0
  5931 ;;      Totals:         1       0       0       0       0       0       0       0       0
  5932 ;;Total ram usage:        1 bytes
  5933 ;; Hardware stack levels used:    1
  5934 ;; Hardware stack levels required when called:    3
  5935 ;; This function calls:
  5936 ;;		_DelayFor18TCY
  5937 ;; This function is called by:
  5938 ;;		_OpenXLCD
  5939 ;;		_main
  5940 ;; This function uses a non-reentrant model
  5941 ;;
  5942                           psect	text14,class=CODE,space=0,reloc=2,group=0
  5943                           	line	388
  5944                           global __ptext14
  5945                           __ptext14:
  5946  001CB8                     psect	text14
  5947                           	file	"nxlcd.c"
  5948                           	line	388
  5949                           	global	__size_of_WriteCmdXLCD
  5950                           	__size_of_WriteCmdXLCD	equ	__end_of_WriteCmdXLCD-_WriteCmdXLCD
  5951  0000                     	
  5952                           _WriteCmdXLCD:
  5953  001CB8                     ;incstack = 0
  5954                           	opt	stack 27
  5955                           ;WriteCmdXLCD@cmd stored from wreg
  5956                           	movwf	((c:WriteCmdXLCD@cmd)),c
  5957  001CB8  6E19               	line	403
  5958                           	
  5959                           l2519:
  5960  001CBA                     ;nxlcd.c: 403: TRISD &= 0x0f;
  5961                           	movlw	(0Fh)&0ffh
  5962  001CBA  0E0F               	andwf	((c:3989)),c	;volatile
  5963  001CBC  1695               	line	404
  5964                           ;nxlcd.c: 404: PORTD &= 0x0f;
  5965                           	movlw	(0Fh)&0ffh
  5966  001CBE  0E0F               	andwf	((c:3971)),c	;volatile
  5967  001CC0  1683               	line	405
  5968                           ;nxlcd.c: 405: PORTD |= cmd&0xf0;
  5969                           	movf	((c:WriteCmdXLCD@cmd)),c,w
  5970  001CC2  5019               	andlw	low(0F0h)
  5971  001CC4  0BF0               	iorwf	((c:3971)),c	;volatile
  5972  001CC6  1283               	line	411
  5973                           	
  5974                           l2521:
  5975  001CC8                     ;nxlcd.c: 411: LATEbits.LATE2 = 0;
  5976                           	bcf	((c:3981)),c,2	;volatile
  5977  001CC8  948D               	line	412
  5978                           	
  5979                           l2523:
  5980  001CCA                     ;nxlcd.c: 412: LATEbits.LATE0 = 0;
  5981                           	bcf	((c:3981)),c,0	;volatile
  5982  001CCA  908D               	line	413
  5983                           	
  5984                           l2525:
  5985  001CCC                     ;nxlcd.c: 413: DelayFor18TCY();
  5986                           	call	_DelayFor18TCY	;wreg free
  5987  001CCC  ECB0  F00E         	line	414
  5988                           	
  5989                           l2527:
  5990  001CD0                     ;nxlcd.c: 414: LATEbits.LATE1 = 1;
  5991                           	bsf	((c:3981)),c,1	;volatile
  5992  001CD0  828D               	line	415
  5993                           	
  5994                           l2529:
  5995  001CD2                     ;nxlcd.c: 415: DelayFor18TCY();
  5996                           	call	_DelayFor18TCY	;wreg free
  5997  001CD2  ECB0  F00E         	line	416
  5998                           	
  5999                           l2531:
  6000  001CD6                     ;nxlcd.c: 416: LATEbits.LATE1 = 0;
  6001                           	bcf	((c:3981)),c,1	;volatile
  6002  001CD6  928D               	line	418
  6003                           ;nxlcd.c: 418: PORTD &= 0x0f;
  6004                           	movlw	(0Fh)&0ffh
  6005  001CD8  0E0F               	andwf	((c:3971)),c	;volatile
  6006  001CDA  1683               	line	419
  6007                           ;nxlcd.c: 419: PORTD |= (cmd<<4)&0xf0;
  6008                           	swapf	((c:WriteCmdXLCD@cmd)),c,w
  6009  001CDC  3819               	andlw	(0ffh shl 4) & 0ffh
  6010  001CDE  0BF0               	andlw	low(0F0h)
  6011  001CE0  0BF0               	iorwf	((c:3971)),c	;volatile
  6012  001CE2  1283               	line	424
  6013                           	
  6014                           l2533:
  6015  001CE4                     ;nxlcd.c: 424: DelayFor18TCY();
  6016                           	call	_DelayFor18TCY	;wreg free
  6017  001CE4  ECB0  F00E         	line	425
  6018                           	
  6019                           l2535:
  6020  001CE8                     ;nxlcd.c: 425: LATEbits.LATE1 = 1;
  6021                           	bsf	((c:3981)),c,1	;volatile
  6022  001CE8  828D               	line	426
  6023                           	
  6024                           l2537:
  6025  001CEA                     ;nxlcd.c: 426: DelayFor18TCY();
  6026                           	call	_DelayFor18TCY	;wreg free
  6027  001CEA  ECB0  F00E         	line	427
  6028                           	
  6029                           l2539:
  6030  001CEE                     ;nxlcd.c: 427: LATEbits.LATE1 = 0;
  6031                           	bcf	((c:3981)),c,1	;volatile
  6032  001CEE  928D               	line	429
  6033                           ;nxlcd.c: 429: TRISD |= 0xf0;
  6034                           	movlw	(0F0h)&0ffh
  6035  001CF0  0EF0               	iorwf	((c:3989)),c	;volatile
  6036  001CF2  1295               	goto	l69
  6037  001CF4  EF7C  F00E         	line	434
  6038                           	
  6039                           l2541:
  6040  001CF8                     	line	435
  6041                           ;nxlcd.c: 434: return;
  6042                           	
  6043                           l69:
  6044  001CF8                     	return	;funcret
  6045  001CF8  0012               	opt stack 0
  6046                           GLOBAL	__end_of_WriteCmdXLCD
  6047                           	__end_of_WriteCmdXLCD:
  6048  001CFA                     	signat	_WriteCmdXLCD,4217
  6049                           	global	_SetDDRamAddr
  6050                           
  6051 ;; *************** function _SetDDRamAddr *****************
  6052 ;; Defined at:
  6053 ;;		line 171 in file "nxlcd.c"
  6054 ;; Parameters:    Size  Location     Type
  6055 ;;  DDaddr          1    wreg     unsigned char 
  6056 ;; Auto vars:     Size  Location     Type
  6057 ;;  DDaddr          1   24[COMRAM] unsigned char 
  6058 ;; Return value:  Size  Location     Type
  6059 ;;                  1    wreg      void 
  6060 ;; Registers used:
  6061 ;;		wreg, status,2, status,0, cstack
  6062 ;; Tracked objects:
  6063 ;;		On entry : 0/0
  6064 ;;		On exit  : 0/0
  6065 ;;		Unchanged: 0/0
  6066 ;; Data sizes:     COMRAM   BANK0   BANK1   BANK2   BANK3   BANK4   BANK5   BANK6   BANK7
  6067 ;;      Params:         0       0       0       0       0       0       0       0       0
  6068 ;;      Locals:         1       0       0       0       0       0       0       0       0
  6069 ;;      Temps:          0       0       0       0       0       0       0       0       0
  6070 ;;      Totals:         1       0       0       0       0       0       0       0       0
  6071 ;;Total ram usage:        1 bytes
  6072 ;; Hardware stack levels used:    1
  6073 ;; Hardware stack levels required when called:    3
  6074 ;; This function calls:
  6075 ;;		_DelayFor18TCY
  6076 ;; This function is called by:
  6077 ;;		_OpenXLCD
  6078 ;; This function uses a non-reentrant model
  6079 ;;
  6080                           psect	text15,class=CODE,space=0,reloc=2,group=0
  6081                           	line	171
  6082                           global __ptext15
  6083                           __ptext15:
  6084  001C32                     psect	text15
  6085                           	file	"nxlcd.c"
  6086                           	line	171
  6087                           	global	__size_of_SetDDRamAddr
  6088                           	__size_of_SetDDRamAddr	equ	__end_of_SetDDRamAddr-_SetDDRamAddr
  6089  0000                     	
  6090                           _SetDDRamAddr:
  6091  001C32                     ;incstack = 0
  6092                           	opt	stack 26
  6093                           ;SetDDRamAddr@DDaddr stored from wreg
  6094                           	movwf	((c:SetDDRamAddr@DDaddr)),c
  6095  001C32  6E19               	line	186
  6096                           	
  6097                           l2579:
  6098  001C34                     ;nxlcd.c: 186: TRISD &= 0x0f;
  6099                           	movlw	(0Fh)&0ffh
  6100  001C34  0E0F               	andwf	((c:3989)),c	;volatile
  6101  001C36  1695               	line	187
  6102                           ;nxlcd.c: 187: PORTD &= 0x0f;
  6103                           	movlw	(0Fh)&0ffh
  6104  001C38  0E0F               	andwf	((c:3971)),c	;volatile
  6105  001C3A  1683               	line	188
  6106                           ;nxlcd.c: 188: PORTD |= ((DDaddr | 0b10000000) & 0xf0);
  6107                           	movf	((c:SetDDRamAddr@DDaddr)),c,w
  6108  001C3C  5019               	iorlw	low(080h)
  6109  001C3E  0980               	andlw	low(0F0h)
  6110  001C40  0BF0               	iorwf	((c:3971)),c	;volatile
  6111  001C42  1283               	line	194
  6112                           	
  6113                           l2581:
  6114  001C44                     ;nxlcd.c: 194: LATEbits.LATE2 = 0;
  6115                           	bcf	((c:3981)),c,2	;volatile
  6116  001C44  948D               	line	195
  6117                           	
  6118                           l2583:
  6119  001C46                     ;nxlcd.c: 195: LATEbits.LATE0 = 0;
  6120                           	bcf	((c:3981)),c,0	;volatile
  6121  001C46  908D               	line	196
  6122                           	
  6123                           l2585:
  6124  001C48                     ;nxlcd.c: 196: DelayFor18TCY();
  6125                           	call	_DelayFor18TCY	;wreg free
  6126  001C48  ECB0  F00E         	line	197
  6127                           	
  6128                           l2587:
  6129  001C4C                     ;nxlcd.c: 197: LATEbits.LATE1 = 1;
  6130                           	bsf	((c:3981)),c,1	;volatile
  6131  001C4C  828D               	line	198
  6132                           	
  6133                           l2589:
  6134  001C4E                     ;nxlcd.c: 198: DelayFor18TCY();
  6135                           	call	_DelayFor18TCY	;wreg free
  6136  001C4E  ECB0  F00E         	line	199
  6137                           	
  6138                           l2591:
  6139  001C52                     ;nxlcd.c: 199: LATEbits.LATE1 = 0;
  6140                           	bcf	((c:3981)),c,1	;volatile
  6141  001C52  928D               	line	201
  6142                           ;nxlcd.c: 201: PORTD &= 0x0f;
  6143                           	movlw	(0Fh)&0ffh
  6144  001C54  0E0F               	andwf	((c:3971)),c	;volatile
  6145  001C56  1683               	line	202
  6146                           ;nxlcd.c: 202: PORTD |= ((DDaddr<<4)&0xf0);
  6147                           	swapf	((c:SetDDRamAddr@DDaddr)),c,w
  6148  001C58  3819               	andlw	(0ffh shl 4) & 0ffh
  6149  001C5A  0BF0               	andlw	low(0F0h)
  6150  001C5C  0BF0               	iorwf	((c:3971)),c	;volatile
  6151  001C5E  1283               	line	207
  6152                           	
  6153                           l2593:
  6154  001C60                     ;nxlcd.c: 207: DelayFor18TCY();
  6155                           	call	_DelayFor18TCY	;wreg free
  6156  001C60  ECB0  F00E         	line	208
  6157                           	
  6158                           l2595:
  6159  001C64                     ;nxlcd.c: 208: LATEbits.LATE1 = 1;
  6160                           	bsf	((c:3981)),c,1	;volatile
  6161  001C64  828D               	line	209
  6162                           	
  6163                           l2597:
  6164  001C66                     ;nxlcd.c: 209: DelayFor18TCY();
  6165                           	call	_DelayFor18TCY	;wreg free
  6166  001C66  ECB0  F00E         	line	210
  6167                           	
  6168                           l2599:
  6169  001C6A                     ;nxlcd.c: 210: LATEbits.LATE1 = 0;
  6170                           	bcf	((c:3981)),c,1	;volatile
  6171  001C6A  928D               	line	212
  6172                           ;nxlcd.c: 212: TRISD |= 0xf0;
  6173                           	movlw	(0F0h)&0ffh
  6174  001C6C  0EF0               	iorwf	((c:3989)),c	;volatile
  6175  001C6E  1295               	goto	l55
  6176  001C70  EF3A  F00E         	line	217
  6177                           	
  6178                           l2601:
  6179  001C74                     	line	218
  6180                           ;nxlcd.c: 217: return;
  6181                           	
  6182                           l55:
  6183  001C74                     	return	;funcret
  6184  001C74  0012               	opt stack 0
  6185                           GLOBAL	__end_of_SetDDRamAddr
  6186                           	__end_of_SetDDRamAddr:
  6187  001C76                     	signat	_SetDDRamAddr,4217
  6188                           	global	_DelayXLCD
  6189                           
  6190 ;; *************** function _DelayXLCD *****************
  6191 ;; Defined at:
  6192 ;;		line 22 in file "nxlcd.c"
  6193 ;; Parameters:    Size  Location     Type
  6194 ;;		None
  6195 ;; Auto vars:     Size  Location     Type
  6196 ;;		None
  6197 ;; Return value:  Size  Location     Type
  6198 ;;                  1    wreg      void 
  6199 ;; Registers used:
  6200 ;;		wreg
  6201 ;; Tracked objects:
  6202 ;;		On entry : 0/0
  6203 ;;		On exit  : 0/0
  6204 ;;		Unchanged: 0/0
  6205 ;; Data sizes:     COMRAM   BANK0   BANK1   BANK2   BANK3   BANK4   BANK5   BANK6   BANK7
  6206 ;;      Params:         0       0       0       0       0       0       0       0       0
  6207 ;;      Locals:         0       0       0       0       0       0       0       0       0
  6208 ;;      Temps:          1       0       0       0       0       0       0       0       0
  6209 ;;      Totals:         1       0       0       0       0       0       0       0       0
  6210 ;;Total ram usage:        1 bytes
  6211 ;; Hardware stack levels used:    1
  6212 ;; Hardware stack levels required when called:    2
  6213 ;; This function calls:
  6214 ;;		Nothing
  6215 ;; This function is called by:
  6216 ;;		_OpenXLCD
  6217 ;; This function uses a non-reentrant model
  6218 ;;
  6219                           psect	text16,class=CODE,space=0,reloc=2,group=0
  6220                           	line	22
  6221                           global __ptext16
  6222                           __ptext16:
  6223  001D3E                     psect	text16
  6224                           	file	"nxlcd.c"
  6225                           	line	22
  6226                           	global	__size_of_DelayXLCD
  6227                           	__size_of_DelayXLCD	equ	__end_of_DelayXLCD-_DelayXLCD
  6228  0000                     	
  6229                           _DelayXLCD:
  6230  001D3E                     ;incstack = 0
  6231                           	opt	stack 27
  6232                           	line	24
  6233                           	
  6234                           l2517:
  6235  001D3E                     ;nxlcd.c: 24: _delay((unsigned long)((5)*(20000000/4000.0)));
  6236                           	opt asmopt_push
  6237                           opt asmopt_off
  6238                           movlw	33
  6239  001D3E  0E21               movwf	(??_DelayXLCD+0+0)&0ffh,c,f
  6240  001D40  6E19               	movlw	118
  6241  001D42  0E76               u2337:
  6242  001D44                     decfsz	wreg,f
  6243  001D44  2EE8               	bra	u2337
  6244  001D46  D7FE               	decfsz	(??_DelayXLCD+0+0)&0ffh,c,f
  6245  001D48  2E19               	bra	u2337
  6246  001D4A  D7FC               	nop2
  6247  001D4C  D000               opt asmopt_pop
  6248                           
  6249                           	line	25
  6250                           	
  6251                           l25:
  6252  001D4E                     	return	;funcret
  6253  001D4E  0012               	opt stack 0
  6254                           GLOBAL	__end_of_DelayXLCD
  6255                           	__end_of_DelayXLCD:
  6256  001D50                     	signat	_DelayXLCD,89
  6257                           	global	_DelayPORXLCD
  6258                           
  6259 ;; *************** function _DelayPORXLCD *****************
  6260 ;; Defined at:
  6261 ;;		line 17 in file "nxlcd.c"
  6262 ;; Parameters:    Size  Location     Type
  6263 ;;		None
  6264 ;; Auto vars:     Size  Location     Type
  6265 ;;		None
  6266 ;; Return value:  Size  Location     Type
  6267 ;;                  1    wreg      void 
  6268 ;; Registers used:
  6269 ;;		wreg
  6270 ;; Tracked objects:
  6271 ;;		On entry : 0/0
  6272 ;;		On exit  : 0/0
  6273 ;;		Unchanged: 0/0
  6274 ;; Data sizes:     COMRAM   BANK0   BANK1   BANK2   BANK3   BANK4   BANK5   BANK6   BANK7
  6275 ;;      Params:         0       0       0       0       0       0       0       0       0
  6276 ;;      Locals:         0       0       0       0       0       0       0       0       0
  6277 ;;      Temps:          1       0       0       0       0       0       0       0       0
  6278 ;;      Totals:         1       0       0       0       0       0       0       0       0
  6279 ;;Total ram usage:        1 bytes
  6280 ;; Hardware stack levels used:    1
  6281 ;; Hardware stack levels required when called:    2
  6282 ;; This function calls:
  6283 ;;		Nothing
  6284 ;; This function is called by:
  6285 ;;		_OpenXLCD
  6286 ;; This function uses a non-reentrant model
  6287 ;;
  6288                           psect	text17,class=CODE,space=0,reloc=2,group=0
  6289                           	line	17
  6290                           global __ptext17
  6291                           __ptext17:
  6292  001D50                     psect	text17
  6293                           	file	"nxlcd.c"
  6294                           	line	17
  6295                           	global	__size_of_DelayPORXLCD
  6296                           	__size_of_DelayPORXLCD	equ	__end_of_DelayPORXLCD-_DelayPORXLCD
  6297  0000                     	
  6298                           _DelayPORXLCD:
  6299  001D50                     ;incstack = 0
  6300                           	opt	stack 27
  6301                           	line	19
  6302                           	
  6303                           l2515:
  6304  001D50                     ;nxlcd.c: 19: _delay((unsigned long)((15)*(20000000/4000.0)));
  6305                           	opt asmopt_push
  6306                           opt asmopt_off
  6307                           movlw	98
  6308  001D50  0E62               movwf	(??_DelayPORXLCD+0+0)&0ffh,c,f
  6309  001D52  6E19               	movlw	102
  6310  001D54  0E66               u2347:
  6311  001D56                     decfsz	wreg,f
  6312  001D56  2EE8               	bra	u2347
  6313  001D58  D7FE               	decfsz	(??_DelayPORXLCD+0+0)&0ffh,c,f
  6314  001D5A  2E19               	bra	u2347
  6315  001D5C  D7FC               opt asmopt_pop
  6316                           
  6317                           	line	20
  6318                           	
  6319                           l22:
  6320  001D5E                     	return	;funcret
  6321  001D5E  0012               	opt stack 0
  6322                           GLOBAL	__end_of_DelayPORXLCD
  6323                           	__end_of_DelayPORXLCD:
  6324  001D60                     	signat	_DelayPORXLCD,89
  6325                           	global	_BusyXLCD
  6326                           
  6327 ;; *************** function _BusyXLCD *****************
  6328 ;; Defined at:
  6329 ;;		line 227 in file "nxlcd.c"
  6330 ;; Parameters:    Size  Location     Type
  6331 ;;		None
  6332 ;; Auto vars:     Size  Location     Type
  6333 ;;		None
  6334 ;; Return value:  Size  Location     Type
  6335 ;;                  1    wreg      unsigned char 
  6336 ;; Registers used:
  6337 ;;		wreg, cstack
  6338 ;; Tracked objects:
  6339 ;;		On entry : 0/0
  6340 ;;		On exit  : 0/0
  6341 ;;		Unchanged: 0/0
  6342 ;; Data sizes:     COMRAM   BANK0   BANK1   BANK2   BANK3   BANK4   BANK5   BANK6   BANK7
  6343 ;;      Params:         0       0       0       0       0       0       0       0       0
  6344 ;;      Locals:         0       0       0       0       0       0       0       0       0
  6345 ;;      Temps:          0       0       0       0       0       0       0       0       0
  6346 ;;      Totals:         0       0       0       0       0       0       0       0       0
  6347 ;;Total ram usage:        0 bytes
  6348 ;; Hardware stack levels used:    1
  6349 ;; Hardware stack levels required when called:    3
  6350 ;; This function calls:
  6351 ;;		_DelayFor18TCY
  6352 ;; This function is called by:
  6353 ;;		_OpenXLCD
  6354 ;;		_putsXLCD
  6355 ;;		_putrsXLCD
  6356 ;; This function uses a non-reentrant model
  6357 ;;
  6358                           psect	text18,class=CODE,space=0,reloc=2,group=0
  6359                           	line	227
  6360                           global __ptext18
  6361                           __ptext18:
  6362  001B98                     psect	text18
  6363                           	file	"nxlcd.c"
  6364                           	line	227
  6365                           	global	__size_of_BusyXLCD
  6366                           	__size_of_BusyXLCD	equ	__end_of_BusyXLCD-_BusyXLCD
  6367  0000                     	
  6368                           _BusyXLCD:
  6369  001B98                     ;incstack = 0
  6370                           	opt	stack 26
  6371                           	line	229
  6372                           	
  6373                           l2543:
  6374  001B98                     ;nxlcd.c: 229: LATEbits.LATE2 = 1;
  6375                           	bsf	((c:3981)),c,2	;volatile
  6376  001B98  848D               	line	230
  6377                           ;nxlcd.c: 230: LATEbits.LATE0 = 0;
  6378                           	bcf	((c:3981)),c,0	;volatile
  6379  001B9A  908D               	line	231
  6380                           	
  6381                           l2545:
  6382  001B9C                     ;nxlcd.c: 231: DelayFor18TCY();
  6383                           	call	_DelayFor18TCY	;wreg free
  6384  001B9C  ECB0  F00E         	line	232
  6385                           	
  6386                           l2547:
  6387  001BA0                     ;nxlcd.c: 232: LATEbits.LATE1 = 1;
  6388                           	bsf	((c:3981)),c,1	;volatile
  6389  001BA0  828D               	line	233
  6390                           ;nxlcd.c: 233: DelayFor18TCY();
  6391                           	call	_DelayFor18TCY	;wreg free
  6392  001BA2  ECB0  F00E         	line	249
  6393                           	
  6394                           l2549:
  6395  001BA6                     ;nxlcd.c: 249: if(PORTD&0x80)
  6396                           	
  6397                           	btfss	((c:3971)),c,(7)&7	;volatile
  6398  001BA6  AE83               	goto	u1551
  6399  001BA8  EFD8  F00D         	goto	u1550
  6400  001BAC  EFDA  F00D         u1551:
  6401  001BB0                     	goto	l58
  6402  001BB0  EFE9  F00D         u1550:
  6403  001BB4                     	line	254
  6404                           	
  6405                           l2551:
  6406  001BB4                     ;nxlcd.c: 253: {
  6407                           ;nxlcd.c: 254: LATEbits.LATE1 = 0;
  6408                           	bcf	((c:3981)),c,1	;volatile
  6409  001BB4  928D               	line	255
  6410                           	
  6411                           l2553:
  6412  001BB6                     ;nxlcd.c: 255: DelayFor18TCY();
  6413                           	call	_DelayFor18TCY	;wreg free
  6414  001BB6  ECB0  F00E         	line	256
  6415                           	
  6416                           l2555:
  6417  001BBA                     ;nxlcd.c: 256: LATEbits.LATE1 = 1;
  6418                           	bsf	((c:3981)),c,1	;volatile
  6419  001BBA  828D               	line	257
  6420                           ;nxlcd.c: 257: DelayFor18TCY();
  6421                           	call	_DelayFor18TCY	;wreg free
  6422  001BBC  ECB0  F00E         	line	258
  6423                           	
  6424                           l2557:
  6425  001BC0                     ;nxlcd.c: 258: LATEbits.LATE1 = 0;
  6426                           	bcf	((c:3981)),c,1	;volatile
  6427  001BC0  928D               	line	259
  6428                           	
  6429                           l2559:
  6430  001BC2                     ;nxlcd.c: 259: LATEbits.LATE2 = 0;
  6431                           	bcf	((c:3981)),c,2	;volatile
  6432  001BC2  948D               	line	260
  6433                           	
  6434                           l2561:
  6435  001BC4                     ;nxlcd.c: 260: return 1;
  6436                           	movlw	(01h)&0ffh
  6437  001BC4  0E01               	goto	l59
  6438  001BC6  EFF6  F00D         	
  6439                           l2563:
  6440  001BCA                     	goto	l59
  6441  001BCA  EFF6  F00D         	line	261
  6442                           	
  6443                           l2565:
  6444  001BCE                     ;nxlcd.c: 261: }
  6445                           	goto	l59
  6446  001BCE  EFF6  F00D         	line	262
  6447                           	
  6448                           l58:
  6449  001BD2                     	line	264
  6450                           ;nxlcd.c: 262: else
  6451                           ;nxlcd.c: 263: {
  6452                           ;nxlcd.c: 264: LATEbits.LATE1 = 0;
  6453                           	bcf	((c:3981)),c,1	;volatile
  6454  001BD2  928D               	line	265
  6455                           	
  6456                           l2567:
  6457  001BD4                     ;nxlcd.c: 265: DelayFor18TCY();
  6458                           	call	_DelayFor18TCY	;wreg free
  6459  001BD4  ECB0  F00E         	line	266
  6460                           	
  6461                           l2569:
  6462  001BD8                     ;nxlcd.c: 266: LATEbits.LATE1 = 1;
  6463                           	bsf	((c:3981)),c,1	;volatile
  6464  001BD8  828D               	line	267
  6465                           ;nxlcd.c: 267: DelayFor18TCY();
  6466                           	call	_DelayFor18TCY	;wreg free
  6467  001BDA  ECB0  F00E         	line	268
  6468                           	
  6469                           l2571:
  6470  001BDE                     ;nxlcd.c: 268: LATEbits.LATE1 = 0;
  6471                           	bcf	((c:3981)),c,1	;volatile
  6472  001BDE  928D               	line	269
  6473                           	
  6474                           l2573:
  6475  001BE0                     ;nxlcd.c: 269: LATEbits.LATE2 = 0;
  6476                           	bcf	((c:3981)),c,2	;volatile
  6477  001BE0  948D               	line	270
  6478                           	
  6479                           l2575:
  6480  001BE2                     ;nxlcd.c: 270: return 0;
  6481                           	movlw	(0)&0ffh
  6482  001BE2  0E00               	goto	l59
  6483  001BE4  EFF6  F00D         	
  6484                           l2577:
  6485  001BE8                     	goto	l59
  6486  001BE8  EFF6  F00D         	line	271
  6487                           	
  6488                           l60:
  6489  001BEC                     	line	273
  6490                           	
  6491                           l59:
  6492  001BEC                     	return	;funcret
  6493  001BEC  0012               	opt stack 0
  6494                           GLOBAL	__end_of_BusyXLCD
  6495                           	__end_of_BusyXLCD:
  6496  001BEE                     	signat	_BusyXLCD,89
  6497                           	global	_DelayFor18TCY
  6498                           
  6499 ;; *************** function _DelayFor18TCY *****************
  6500 ;; Defined at:
  6501 ;;		line 12 in file "nxlcd.c"
  6502 ;; Parameters:    Size  Location     Type
  6503 ;;		None
  6504 ;; Auto vars:     Size  Location     Type
  6505 ;;		None
  6506 ;; Return value:  Size  Location     Type
  6507 ;;                  1    wreg      void 
  6508 ;; Registers used:
  6509 ;;		wreg
  6510 ;; Tracked objects:
  6511 ;;		On entry : 0/0
  6512 ;;		On exit  : 0/0
  6513 ;;		Unchanged: 0/0
  6514 ;; Data sizes:     COMRAM   BANK0   BANK1   BANK2   BANK3   BANK4   BANK5   BANK6   BANK7
  6515 ;;      Params:         0       0       0       0       0       0       0       0       0
  6516 ;;      Locals:         0       0       0       0       0       0       0       0       0
  6517 ;;      Temps:          0       0       0       0       0       0       0       0       0
  6518 ;;      Totals:         0       0       0       0       0       0       0       0       0
  6519 ;;Total ram usage:        0 bytes
  6520 ;; Hardware stack levels used:    1
  6521 ;; Hardware stack levels required when called:    2
  6522 ;; This function calls:
  6523 ;;		Nothing
  6524 ;; This function is called by:
  6525 ;;		_SetDDRamAddr
  6526 ;;		_BusyXLCD
  6527 ;;		_WriteCmdXLCD
  6528 ;;		_WriteDataXLCD
  6529 ;;		_SetCGRamAddr
  6530 ;;		_ReadAddrXLCD
  6531 ;;		_ReadDataXLCD
  6532 ;; This function uses a non-reentrant model
  6533 ;;
  6534                           psect	text19,class=CODE,space=0,reloc=2,group=0
  6535                           	line	12
  6536                           global __ptext19
  6537                           __ptext19:
  6538  001D60                     psect	text19
  6539                           	file	"nxlcd.c"
  6540                           	line	12
  6541                           	global	__size_of_DelayFor18TCY
  6542                           	__size_of_DelayFor18TCY	equ	__end_of_DelayFor18TCY-_DelayFor18TCY
  6543  0000                     	
  6544                           _DelayFor18TCY:
  6545  001D60                     ;incstack = 0
  6546                           	opt	stack 26
  6547                           	line	14
  6548                           	
  6549                           l2513:
  6550  001D60                     ;nxlcd.c: 14: _delay((unsigned long)((20)*(20000000/4000000.0)));
  6551                           	opt asmopt_push
  6552                           opt asmopt_off
  6553                           	movlw	33
  6554  001D60  0E21               u2357:
  6555  001D62                     decfsz	wreg,f
  6556  001D62  2EE8               	bra	u2357
  6557  001D64  D7FE               	nop
  6558  001D66  F000               opt asmopt_pop
  6559                           
  6560                           	line	15
  6561                           	
  6562                           l19:
  6563  001D68                     	return	;funcret
  6564  001D68  0012               	opt stack 0
  6565                           GLOBAL	__end_of_DelayFor18TCY
  6566                           	__end_of_DelayFor18TCY:
  6567  001D6A                     	signat	_DelayFor18TCY,89
  6568                           	global	_isr
  6569                           
  6570 ;; *************** function _isr *****************
  6571 ;; Defined at:
  6572 ;;		line 95 in file "TaikoPic.c"
  6573 ;; Parameters:    Size  Location     Type
  6574 ;;		None
  6575 ;; Auto vars:     Size  Location     Type
  6576 ;;		None
  6577 ;; Return value:  Size  Location     Type
  6578 ;;                  1    wreg      void 
  6579 ;; Registers used:
  6580 ;;		wreg, status,2, status,0, cstack
  6581 ;; Tracked objects:
  6582 ;;		On entry : 0/0
  6583 ;;		On exit  : 0/0
  6584 ;;		Unchanged: 0/0
  6585 ;; Data sizes:     COMRAM   BANK0   BANK1   BANK2   BANK3   BANK4   BANK5   BANK6   BANK7
  6586 ;;      Params:         0       0       0       0       0       0       0       0       0
  6587 ;;      Locals:         0       0       0       0       0       0       0       0       0
  6588 ;;      Temps:         18       0       0       0       0       0       0       0       0
  6589 ;;      Totals:        18       0       0       0       0       0       0       0       0
  6590 ;;Total ram usage:       18 bytes
  6591 ;; Hardware stack levels used:    1
  6592 ;; Hardware stack levels required when called:    1
  6593 ;; This function calls:
  6594 ;;		i2_tocar_som
  6595 ;; This function is called by:
  6596 ;;		Interrupt level 2
  6597 ;; This function uses a non-reentrant model
  6598 ;;
  6599                           psect	intcode,class=CODE,space=0,reloc=2
  6600                           global __pintcode
  6601                           __pintcode:
  6602  000008                     psect	intcode
  6603                           	file	"TaikoPic.c"
  6604                           	line	95
  6605                           	global	__size_of_isr
  6606                           	__size_of_isr	equ	__end_of_isr-_isr
  6607  0000                     	
  6608                           _isr:
  6609  000008                     ;incstack = 0
  6610                           	opt	stack 26
  6611                           	bsf int$flags,1,c ;set compiler interrupt flag (level 2)
  6612  000008  8244               	global	int_func
  6613                           	call	int_func,f	;refresh shadow registers
  6614  00000A  ED4E  F009         psect	intcode_body,class=CODE,space=0,reloc=2
  6615                           global __pintcode_body
  6616                           __pintcode_body:
  6617  00129C                     int_func:
  6618  00129C                     
  6619                           	pop	; remove dummy address from shadow register refresh
  6620  00129C  0006               	movff	pclath+0,??_isr+0
  6621  00129E  CFFA F007          	movff	pclath+1,??_isr+1
  6622  0012A2  CFFB F008          	movff	fsr0l+0,??_isr+2
  6623  0012A6  CFE9 F009          	movff	fsr0h+0,??_isr+3
  6624  0012AA  CFEA F00A          	movff	fsr1l+0,??_isr+4
  6625  0012AE  CFE1 F00B          	movff	fsr1h+0,??_isr+5
  6626  0012B2  CFE2 F00C          	movff	fsr2l+0,??_isr+6
  6627  0012B6  CFD9 F00D          	movff	fsr2h+0,??_isr+7
  6628  0012BA  CFDA F00E          	movff	prodl+0,??_isr+8
  6629  0012BE  CFF3 F00F          	movff	prodh+0,??_isr+9
  6630  0012C2  CFF4 F010          	movff	tblptrl+0,??_isr+10
  6631  0012C6  CFF6 F011          	movff	tblptrh+0,??_isr+11
  6632  0012CA  CFF7 F012          	movff	tblptru+0,??_isr+12
  6633  0012CE  CFF8 F013          	movff	tablat+0,??_isr+13
  6634  0012D2  CFF5 F014          	movff	btemp+0,??_isr+14
  6635  0012D6  C044  F015         	movff	btemp+1+0,??_isr+15
  6636  0012DA  C045  F016         	movff	btemp+2+0,??_isr+16
  6637  0012DE  C046  F017         	movff	btemp+3+0,??_isr+17
  6638  0012E2  C047  F018         	line	96
  6639                           	
  6640                           i2l2201:
  6641  0012E6                     ;TaikoPic.c: 96: if(INTCONbits.TMR0IF == 1) {
  6642                           	btfss	((c:4082)),c,2	;volatile
  6643  0012E6  A4F2               	goto	i2u122_41
  6644  0012E8  EF78  F009         	goto	i2u122_40
  6645  0012EC  EF7A  F009         i2u122_41:
  6646  0012F0                     	goto	i2l2207
  6647  0012F0  EF83  F009         i2u122_40:
  6648  0012F4                     	line	97
  6649                           	
  6650                           i2l2203:
  6651  0012F4                     ;TaikoPic.c: 97: INTCONbits.TMR0IF = 0;
  6652                           	bcf	((c:4082)),c,2	;volatile
  6653  0012F4  94F2               	line	98
  6654                           ;TaikoPic.c: 98: TMR0H = carga_timer_h;
  6655                           	movff	(c:_carga_timer_h),(c:4055)	;volatile
  6656  0012F6  C038  FFD7         	line	99
  6657                           	
  6658                           i2l2205:
  6659  0012FA                     ;TaikoPic.c: 99: TMR0L = 0x00;
  6660                           	movlw	low(0)
  6661  0012FA  0E00               	movwf	((c:4054)),c	;volatile
  6662  0012FC  6ED6               	line	100
  6663                           ;TaikoPic.c: 100: flag_tick = 1;
  6664                           	movlw	low(01h)
  6665  0012FE  0E01               	movwf	((c:_flag_tick)),c
  6666  001300  6E3B               	goto	i2l2207
  6667  001302  EF83  F009         	line	101
  6668                           	
  6669                           i2l211:
  6670  001306                     	line	102
  6671                           	
  6672                           i2l2207:
  6673  001306                     ;TaikoPic.c: 101: }
  6674                           ;TaikoPic.c: 102: if(INTCONbits.INT0IF == 1) {
  6675                           	btfss	((c:4082)),c,1	;volatile
  6676  001306  A2F2               	goto	i2u123_41
  6677  001308  EF88  F009         	goto	i2u123_40
  6678  00130C  EF8A  F009         i2u123_41:
  6679  001310                     	goto	i2l2227
  6680  001310  EFAE  F009         i2u123_40:
  6681  001314                     	line	103
  6682                           	
  6683                           i2l2209:
  6684  001314                     ;TaikoPic.c: 103: INTCONbits.INT0IF = 0;
  6685                           	bcf	((c:4082)),c,1	;volatile
  6686  001314  92F2               	line	104
  6687                           	
  6688                           i2l2211:
  6689  001316                     ;TaikoPic.c: 104: if(pista[1] == 1) {
  6690                           	movlb	0	; () banked
  6691  001316  0100               		decf	(0+(_pista+01h))&0ffh,w
  6692  001318  05DD               	btfss	status,2
  6693  00131A  A4D8               	goto	i2u124_41
  6694  00131C  EF92  F009         	goto	i2u124_40
  6695  001320  EF94  F009         
  6696                           i2u124_41:
  6697  001324                     	goto	i2l2223
  6698  001324  EFA3  F009         i2u124_40:
  6699  001328                     	line	105
  6700                           	
  6701                           i2l2213:; BSR set to: 0
  6702  001328                     
  6703                           ;TaikoPic.c: 105: pontuacao += 10;
  6704                           	movlw	0Ah
  6705  001328  0E0A               	addwf	((c:_pontuacao)),c
  6706  00132A  2634               	movlw	0
  6707  00132C  0E00               	addwfc	((c:_pontuacao+1)),c
  6708  00132E  2235               	line	106
  6709                           	
  6710                           i2l2215:; BSR set to: 0
  6711  001330                     
  6712                           ;TaikoPic.c: 106: pista[1] = 0;
  6713                           	movlw	low(0)
  6714  001330  0E00               	movwf	(0+(_pista+01h))&0ffh
  6715  001332  6FDD               	line	107
  6716                           	
  6717                           i2l2217:; BSR set to: 0
  6718  001334                     
  6719                           ;TaikoPic.c: 107: mensagem_hit = 1;
  6720                           	movlw	low(01h)
  6721  001334  0E01               	movwf	((c:_mensagem_hit)),c
  6722  001336  6E39               	line	108
  6723                           	
  6724                           i2l2219:; BSR set to: 0
  6725  001338                     
  6726                           ;TaikoPic.c: 108: flag_placar = 1;
  6727                           	movlw	low(01h)
  6728  001338  0E01               	movwf	((c:_flag_placar)),c
  6729  00133A  6E3A               	line	109
  6730                           	
  6731                           i2l2221:; BSR set to: 0
  6732  00133C                     
  6733                           ;TaikoPic.c: 109: tocar_som(1);
  6734                           	movlw	(01h)&0ffh
  6735  00133C  0E01               	
  6736                           	call	i2_tocar_som
  6737  00133E  EC28  F00C         	line	110
  6738                           ;TaikoPic.c: 110: }
  6739                           	goto	i2l2227
  6740  001342  EFAE  F009         	line	111
  6741                           	
  6742                           i2l213:
  6743  001346                     	line	112
  6744                           	
  6745                           i2l2223:
  6746  001346                     ;TaikoPic.c: 111: else {
  6747                           ;TaikoPic.c: 112: mensagem_hit = 2;
  6748                           	movlw	low(02h)
  6749  001346  0E02               	movwf	((c:_mensagem_hit)),c
  6750  001348  6E39               	line	113
  6751                           ;TaikoPic.c: 113: flag_placar = 1;
  6752                           	movlw	low(01h)
  6753  00134A  0E01               	movwf	((c:_flag_placar)),c
  6754  00134C  6E3A               	line	114
  6755                           	
  6756                           i2l2225:
  6757  00134E                     ;TaikoPic.c: 114: tocar_som(0);
  6758                           	movlw	(0)&0ffh
  6759  00134E  0E00               	
  6760                           	call	i2_tocar_som
  6761  001350  EC28  F00C         	goto	i2l2227
  6762  001354  EFAE  F009         	line	115
  6763                           	
  6764                           i2l214:
  6765  001358                     	goto	i2l2227
  6766  001358  EFAE  F009         	line	116
  6767                           	
  6768                           i2l212:
  6769  00135C                     	line	117
  6770                           	
  6771                           i2l2227:
  6772  00135C                     ;TaikoPic.c: 115: }
  6773                           ;TaikoPic.c: 116: }
  6774                           ;TaikoPic.c: 117: if(INTCON3bits.INT1IF == 1) {
  6775                           	btfss	((c:4080)),c,0	;volatile
  6776  00135C  A0F0               	goto	i2u125_41
  6777  00135E  EFB3  F009         	goto	i2u125_40
  6778  001362  EFB5  F009         i2u125_41:
  6779  001366                     	goto	i2l218
  6780  001366  EFDA  F009         i2u125_40:
  6781  00136A                     	line	118
  6782                           	
  6783                           i2l2229:
  6784  00136A                     ;TaikoPic.c: 118: INTCON3bits.INT1IF = 0;
  6785                           	bcf	((c:4080)),c,0	;volatile
  6786  00136A  90F0               	line	119
  6787                           	
  6788                           i2l2231:
  6789  00136C                     ;TaikoPic.c: 119: if(pista[1] == 2) {
  6790                           		movlw	2
  6791  00136C  0E02               	movlb	0	; () banked
  6792  00136E  0100               	xorwf	(0+(_pista+01h))&0ffh,w
  6793  001370  19DD               	btfss	status,2
  6794  001372  A4D8               	goto	i2u126_41
  6795  001374  EFBE  F009         	goto	i2u126_40
  6796  001378  EFC0  F009         
  6797                           i2u126_41:
  6798  00137C                     	goto	i2l2243
  6799  00137C  EFCF  F009         i2u126_40:
  6800  001380                     	line	120
  6801                           	
  6802                           i2l2233:; BSR set to: 0
  6803  001380                     
  6804                           ;TaikoPic.c: 120: pontuacao += 10;
  6805                           	movlw	0Ah
  6806  001380  0E0A               	addwf	((c:_pontuacao)),c
  6807  001382  2634               	movlw	0
  6808  001384  0E00               	addwfc	((c:_pontuacao+1)),c
  6809  001386  2235               	line	121
  6810                           	
  6811                           i2l2235:; BSR set to: 0
  6812  001388                     
  6813                           ;TaikoPic.c: 121: pista[1] = 0;
  6814                           	movlw	low(0)
  6815  001388  0E00               	movwf	(0+(_pista+01h))&0ffh
  6816  00138A  6FDD               	line	122
  6817                           	
  6818                           i2l2237:; BSR set to: 0
  6819  00138C                     
  6820                           ;TaikoPic.c: 122: mensagem_hit = 1;
  6821                           	movlw	low(01h)
  6822  00138C  0E01               	movwf	((c:_mensagem_hit)),c
  6823  00138E  6E39               	line	123
  6824                           	
  6825                           i2l2239:; BSR set to: 0
  6826  001390                     
  6827                           ;TaikoPic.c: 123: flag_placar = 1;
  6828                           	movlw	low(01h)
  6829  001390  0E01               	movwf	((c:_flag_placar)),c
  6830  001392  6E3A               	line	124
  6831                           	
  6832                           i2l2241:; BSR set to: 0
  6833  001394                     
  6834                           ;TaikoPic.c: 124: tocar_som(2);
  6835                           	movlw	(02h)&0ffh
  6836  001394  0E02               	
  6837                           	call	i2_tocar_som
  6838  001396  EC28  F00C         	line	125
  6839                           ;TaikoPic.c: 125: }
  6840                           	goto	i2l218
  6841  00139A  EFDA  F009         	line	126
  6842                           	
  6843                           i2l216:
  6844  00139E                     	line	127
  6845                           	
  6846                           i2l2243:
  6847  00139E                     ;TaikoPic.c: 126: else {
  6848                           ;TaikoPic.c: 127: mensagem_hit = 2;
  6849                           	movlw	low(02h)
  6850  00139E  0E02               	movwf	((c:_mensagem_hit)),c
  6851  0013A0  6E39               	line	128
  6852                           ;TaikoPic.c: 128: flag_placar = 1;
  6853                           	movlw	low(01h)
  6854  0013A2  0E01               	movwf	((c:_flag_placar)),c
  6855  0013A4  6E3A               	line	129
  6856                           	
  6857                           i2l2245:
  6858  0013A6                     ;TaikoPic.c: 129: tocar_som(0);
  6859                           	movlw	(0)&0ffh
  6860  0013A6  0E00               	
  6861                           	call	i2_tocar_som
  6862  0013A8  EC28  F00C         	goto	i2l218
  6863  0013AC  EFDA  F009         	line	130
  6864                           	
  6865                           i2l217:
  6866  0013B0                     	goto	i2l218
  6867  0013B0  EFDA  F009         	line	131
  6868                           	
  6869                           i2l215:
  6870  0013B4                     	line	132
  6871                           	
  6872                           i2l218:
  6873  0013B4                     	movff	??_isr+17,btemp+3+0
  6874  0013B4  C018  F047         	movff	??_isr+16,btemp+2+0
  6875  0013B8  C017  F046         	movff	??_isr+15,btemp+1+0
  6876  0013BC  C016  F045         	movff	??_isr+14,btemp+0
  6877  0013C0  C015  F044         	movff	??_isr+13,tablat+0
  6878  0013C4  C014  FFF5         	movff	??_isr+12,tblptru+0
  6879  0013C8  C013  FFF8         	movff	??_isr+11,tblptrh+0
  6880  0013CC  C012  FFF7         	movff	??_isr+10,tblptrl+0
  6881  0013D0  C011  FFF6         	movff	??_isr+9,prodh+0
  6882  0013D4  C010  FFF4         	movff	??_isr+8,prodl+0
  6883  0013D8  C00F  FFF3         	movff	??_isr+7,fsr2h+0
  6884  0013DC  C00E  FFDA         	movff	??_isr+6,fsr2l+0
  6885  0013E0  C00D  FFD9         	movff	??_isr+5,fsr1h+0
  6886  0013E4  C00C  FFE2         	movff	??_isr+4,fsr1l+0
  6887  0013E8  C00B  FFE1         	movff	??_isr+3,fsr0h+0
  6888  0013EC  C00A  FFEA         	movff	??_isr+2,fsr0l+0
  6889  0013F0  C009  FFE9         	movff	??_isr+1,pclath+1
  6890  0013F4  C008  FFFB         	movff	??_isr+0,pclath+0
  6891  0013F8  C007  FFFA         	bcf int$flags,1,c ;clear compiler interrupt flag (level 2)
  6892  0013FC  9244               	retfie f
  6893  0013FE  0011               	opt stack 0
  6894                           GLOBAL	__end_of_isr
  6895                           	__end_of_isr:
  6896  001400                     	signat	_isr,89
  6897                           	global	i2_tocar_som
  6898                           
  6899 ;; *************** function i2_tocar_som *****************
  6900 ;; Defined at:
  6901 ;;		line 70 in file "TaikoPic.c"
  6902 ;; Parameters:    Size  Location     Type
  6903 ;;  tipo            1    wreg     unsigned char 
  6904 ;; Auto vars:     Size  Location     Type
  6905 ;;  tipo            1    2[COMRAM] unsigned char 
  6906 ;;  tocar_som       1    5[COMRAM] unsigned char 
  6907 ;;  tocar_som       1    4[COMRAM] unsigned char 
  6908 ;;  tocar_som       1    3[COMRAM] unsigned char 
  6909 ;; Return value:  Size  Location     Type
  6910 ;;                  1    wreg      void 
  6911 ;; Registers used:
  6912 ;;		wreg, status,2, status,0
  6913 ;; Tracked objects:
  6914 ;;		On entry : 0/0
  6915 ;;		On exit  : 0/0
  6916 ;;		Unchanged: 0/0
  6917 ;; Data sizes:     COMRAM   BANK0   BANK1   BANK2   BANK3   BANK4   BANK5   BANK6   BANK7
  6918 ;;      Params:         0       0       0       0       0       0       0       0       0
  6919 ;;      Locals:         4       0       0       0       0       0       0       0       0
  6920 ;;      Temps:          2       0       0       0       0       0       0       0       0
  6921 ;;      Totals:         6       0       0       0       0       0       0       0       0
  6922 ;;Total ram usage:        6 bytes
  6923 ;; Hardware stack levels used:    1
  6924 ;; This function calls:
  6925 ;;		Nothing
  6926 ;; This function is called by:
  6927 ;;		_isr
  6928 ;; This function uses a non-reentrant model
  6929 ;;
  6930                           psect	text21,class=CODE,space=0,reloc=2,group=0
  6931                           	line	70
  6932                           global __ptext21
  6933                           __ptext21:
  6934  001850                     psect	text21
  6935                           	file	"TaikoPic.c"
  6936                           	line	70
  6937                           	global	__size_ofi2_tocar_som
  6938                           	__size_ofi2_tocar_som	equ	__end_ofi2_tocar_som-i2_tocar_som
  6939  0000                     	
  6940                           i2_tocar_som:
  6941  001850                     ;incstack = 0
  6942                           	opt	stack 26
  6943                           ;i2tocar_som@tipo stored from wreg
  6944                           	movwf	((c:i2tocar_som@tipo)),c
  6945  001850  6E03               	line	71
  6946                           	
  6947                           i2l2095:
  6948  001852                     ;TaikoPic.c: 71: unsigned char pr2_antigo = PR2;
  6949                           	movff	(c:4043),(c:i2tocar_som@pr2_antigo)	;volatile
  6950  001852  CFCB F004          	line	72
  6951                           ;TaikoPic.c: 72: unsigned char ccpr1l_antigo = CCPR1L;
  6952                           	movff	(c:4030),(c:i2tocar_som@ccpr1l_antigo)	;volatile
  6953  001856  CFBE F005          	line	73
  6954                           ;TaikoPic.c: 73: char timer2_on = T2CONbits.TMR2ON;
  6955                           	movlw	0
  6956  00185A  0E00               	btfsc	((c:4042)),c,2	;volatile
  6957  00185C  B4CA               	movlw	1
  6958  00185E  0E01               	movwf	((c:i2tocar_som@timer2_on)),c
  6959  001860  6E06               	line	75
  6960                           	
  6961                           i2l2097:
  6962  001862                     ;TaikoPic.c: 75: T2CON = 0b00000111;
  6963                           	movlw	low(07h)
  6964  001862  0E07               	movwf	((c:4042)),c	;volatile
  6965  001864  6ECA               	line	76
  6966                           ;TaikoPic.c: 76: CCP1CON = 0b00001100;
  6967                           	movlw	low(0Ch)
  6968  001866  0E0C               	movwf	((c:4029)),c	;volatile
  6969  001868  6EBD               	line	78
  6970                           	
  6971                           i2l2099:
  6972  00186A                     ;TaikoPic.c: 78: if(tipo == 1) { PR2 = 180; CCPR1L = 90; }
  6973                           		decf	((c:i2tocar_som@tipo)),c,w
  6974  00186A  0403               	btfss	status,2
  6975  00186C  A4D8               	goto	i2u117_41
  6976  00186E  EF3B  F00C         	goto	i2u117_40
  6977  001872  EF3D  F00C         
  6978                           i2u117_41:
  6979  001876                     	goto	i2l2103
  6980  001876  EF43  F00C         i2u117_40:
  6981  00187A                     	
  6982                           i2l2101:
  6983  00187A                     	movlw	low(0B4h)
  6984  00187A  0EB4               	movwf	((c:4043)),c	;volatile
  6985  00187C  6ECB               	movlw	low(05Ah)
  6986  00187E  0E5A               	movwf	((c:4030)),c	;volatile
  6987  001880  6EBE               	goto	i2l2109
  6988  001882  EF5A  F00C         	line	79
  6989                           	
  6990                           i2l196:
  6991  001886                     	
  6992                           i2l2103:
  6993  001886                     ;TaikoPic.c: 79: else if(tipo == 2) { PR2 = 80; CCPR1L = 40; }
  6994                           		movlw	2
  6995  001886  0E02               	xorwf	((c:i2tocar_som@tipo)),c,w
  6996  001888  1803               	btfss	status,2
  6997  00188A  A4D8               	goto	i2u118_41
  6998  00188C  EF4A  F00C         	goto	i2u118_40
  6999  001890  EF4C  F00C         
  7000                           i2u118_41:
  7001  001894                     	goto	i2l2107
  7002  001894  EF52  F00C         i2u118_40:
  7003  001898                     	
  7004                           i2l2105:
  7005  001898                     	movlw	low(050h)
  7006  001898  0E50               	movwf	((c:4043)),c	;volatile
  7007  00189A  6ECB               	movlw	low(028h)
  7008  00189C  0E28               	movwf	((c:4030)),c	;volatile
  7009  00189E  6EBE               	goto	i2l2109
  7010  0018A0  EF5A  F00C         	line	80
  7011                           	
  7012                           i2l198:
  7013  0018A4                     	
  7014                           i2l2107:
  7015  0018A4                     ;TaikoPic.c: 80: else { PR2 = 250; CCPR1L = 125; }
  7016                           	movlw	low(0FAh)
  7017  0018A4  0EFA               	movwf	((c:4043)),c	;volatile
  7018  0018A6  6ECB               	movlw	low(07Dh)
  7019  0018A8  0E7D               	movwf	((c:4030)),c	;volatile
  7020  0018AA  6EBE               	goto	i2l2109
  7021  0018AC  EF5A  F00C         	
  7022                           i2l199:
  7023  0018B0                     	goto	i2l2109
  7024  0018B0  EF5A  F00C         	
  7025                           i2l197:
  7026  0018B4                     	line	82
  7027                           	
  7028                           i2l2109:
  7029  0018B4                     ;TaikoPic.c: 82: _delay((unsigned long)((50)*(20000000/4000.0)));
  7030                           	opt asmopt_push
  7031                           opt asmopt_off
  7032                           movlw  2
  7033  0018B4  0E02               movwf	(??i2_tocar_som+0+0+1)&0ffh,c,f
  7034  0018B6  6E02               movlw	69
  7035  0018B8  0E45               movwf	(??i2_tocar_som+0+0)&0ffh,c,f
  7036  0018BA  6E01               	movlw	170
  7037  0018BC  0EAA               i2u236_47:
  7038  0018BE                     decfsz	wreg,f
  7039  0018BE  2EE8               	bra	i2u236_47
  7040  0018C0  D7FE               	decfsz	(??i2_tocar_som+0+0)&0ffh,c,f
  7041  0018C2  2E01               	bra	i2u236_47
  7042  0018C4  D7FC               	decfsz	(??i2_tocar_som+0+0+1)&0ffh,c,f
  7043  0018C6  2E02               	bra	i2u236_47
  7044  0018C8  D7FA               opt asmopt_pop
  7045                           
  7046                           	line	84
  7047                           	
  7048                           i2l2111:
  7049  0018CA                     ;TaikoPic.c: 84: PR2 = pr2_antigo;
  7050                           	movff	(c:i2tocar_som@pr2_antigo),(c:4043)	;volatile
  7051  0018CA  C004  FFCB         	line	85
  7052                           	
  7053                           i2l2113:
  7054  0018CE                     ;TaikoPic.c: 85: CCPR1L = ccpr1l_antigo;
  7055                           	movff	(c:i2tocar_som@ccpr1l_antigo),(c:4030)	;volatile
  7056  0018CE  C005  FFBE         	line	86
  7057                           	
  7058                           i2l2115:
  7059  0018D2                     ;TaikoPic.c: 86: T2CONbits.TMR2ON = timer2_on;
  7060                           	btfsc	(c:i2tocar_som@timer2_on),c,0
  7061  0018D2  B006               	bra	i2u119_45
  7062  0018D4  D002               	bcf	((c:4042)),c,2	;volatile
  7063  0018D6  94CA               	bra	i2u119_46
  7064  0018D8  D001               	i2u119_45:
  7065  0018DA                     	bsf	((c:4042)),c,2	;volatile
  7066  0018DA  84CA               	i2u119_46:
  7067  0018DC                     
  7068                           	line	87
  7069                           	
  7070                           i2l200:
  7071  0018DC                     	return	;funcret
  7072  0018DC  0012               	opt stack 0
  7073                           GLOBAL	__end_ofi2_tocar_som
  7074                           	__end_ofi2_tocar_som:
  7075  0018DE                     	signat	i2_tocar_som,89
  7076                           psect	smallconst
  7077                           	db 0	; dummy byte at the end
  7078  00086C  00                 	global	__smallconst
  7079                           	global	__mediumconst
  7080                           	GLOBAL	__activetblptr
  7081                           __activetblptr	EQU	1
  7082  0000                     	psect	intsave_regs,class=BIGRAM,space=1,noexec
  7083                           	PSECT	rparam,class=COMRAM,space=1,noexec
  7084                           	GLOBAL	__Lrparam
  7085                           	FNCONF	rparam,??,?
  7086                           	GLOBAL	___rparam_used
  7087                           	___rparam_used EQU 1
  7088  0000                     	GLOBAL	___param_bank
  7089                           	___param_bank EQU 0
  7090  0000                     GLOBAL	__Lparam, __Hparam
  7091                           GLOBAL	__Lrparam, __Hrparam
  7092                           __Lparam	EQU	__Lrparam
  7093  0000                     __Hparam	EQU	__Hrparam
  7094  0000                            psect   temp,common,ovrld,class=COMRAM,space=1
  7095                           	global	btemp
  7096                           btemp:
  7097  000044                     	ds	1
  7098  000044                     	global	int$flags
  7099                           	int$flags	set btemp
  7100  0000                     	global	wtemp6
  7101                           	wtemp6 set btemp+1
  7102  0000                     	end


Data Sizes:
    Strings     107
    Constant    0
    Data        112
    BSS         150
    Persistent  0
    Stack       0

Auto Spaces:
    Space          Size  Autos    Used
    COMRAM           94     49      67
    BANK0           160      4     152
    BANK1           256     16     112
    BANK2           256      0       0
    BANK3           256      0       0
    BANK4           256      0       0
    BANK5           256      0       0
    BANK6           256      0       0
    BANK7           256      0       0

Pointer List with Targets:

    putsXLCD@buffer	PTR unsigned char  size(2) Largest target is 17
		 -> STR_11(CODE[7]), STR_10(CODE[6]), STR_9(CODE[6]), STR_8(CODE[6]), 
		 -> STR_7(CODE[17]), STR_6(CODE[7]), STR_5(CODE[8]), STR_4(CODE[17]), 
		 -> STR_3(CODE[3]), STR_2(CODE[13]), STR_1(CODE[17]), 


Critical Paths under _main in COMRAM

    _main->___lldiv
    _putsXLCD->_WriteDataXLCD
    ___lwmod->___lwdiv
    ___lldiv->___lmul
    ___awmod->___awdiv
    _OpenXLCD->_DelayPORXLCD
    _OpenXLCD->_DelayXLCD
    _OpenXLCD->_SetDDRamAddr
    _OpenXLCD->_WriteCmdXLCD

Critical Paths under _isr in COMRAM

    _isr->i2_tocar_som

Critical Paths under _main in BANK0

    None.

Critical Paths under _isr in BANK0

    None.

Critical Paths under _main in BANK1

    None.

Critical Paths under _isr in BANK1

    None.

Critical Paths under _main in BANK2

    None.

Critical Paths under _isr in BANK2

    None.

Critical Paths under _main in BANK3

    None.

Critical Paths under _isr in BANK3

    None.

Critical Paths under _main in BANK4

    None.

Critical Paths under _isr in BANK4

    None.

Critical Paths under _main in BANK5

    None.

Critical Paths under _isr in BANK5

    None.

Critical Paths under _main in BANK6

    None.

Critical Paths under _isr in BANK6

    None.

Critical Paths under _main in BANK7

    None.

Critical Paths under _isr in BANK7

    None.

Call Graph Tables:

 ---------------------------------------------------------------------------------
 (Depth) Function   	        Calls       Base Space   Used Autos Params    Refs
 ---------------------------------------------------------------------------------
 (0) _main                                                20    20      0    9958
                                              0 BANK0      4     4      0
                                              0 BANK1     16    16      0
                           _OpenXLCD
                       _WriteCmdXLCD
                      _WriteDataXLCD
                            ___awdiv
                            ___awmod
                            ___lldiv
                             ___lmul
                            ___lwdiv
                            ___lwmod
                    _escrever_EEPROM
                            _ler_ADC
                         _ler_EEPROM
                           _putsXLCD
                          _tocar_som
 ---------------------------------------------------------------------------------
 (1) _tocar_som                                            6     6      0     164
                                             24 COMRAM     6     6      0
 ---------------------------------------------------------------------------------
 (1) _putsXLCD                                             2     0      2    1117
                                             25 COMRAM     2     0      2
                           _BusyXLCD
                      _WriteDataXLCD
 ---------------------------------------------------------------------------------
 (2) _WriteDataXLCD                                        1     1      0      62
                                             24 COMRAM     1     1      0
                      _DelayFor18TCY
 ---------------------------------------------------------------------------------
 (1) _ler_EEPROM                                           1     1      0      31
                                             24 COMRAM     1     1      0
 ---------------------------------------------------------------------------------
 (1) _ler_ADC                                              4     2      2       0
                                             24 COMRAM     4     2      2
 ---------------------------------------------------------------------------------
 (1) _escrever_EEPROM                                      3     2      1     276
                                             24 COMRAM     3     2      1
 ---------------------------------------------------------------------------------
 (1) ___lwmod                                              5     1      4    2392
                                             31 COMRAM     5     1      4
                            ___lwdiv (ARG)
 ---------------------------------------------------------------------------------
 (1) ___lwdiv                                              7     3      4    1861
                                             24 COMRAM     7     3      4
 ---------------------------------------------------------------------------------
 (1) ___lmul                                              12     4      8     636
                                             24 COMRAM    12     4      8
 ---------------------------------------------------------------------------------
 (1) ___lldiv                                             13     5      8     601
                                             36 COMRAM    13     5      8
                             ___lmul (ARG)
 ---------------------------------------------------------------------------------
 (1) ___awmod                                              6     2      4     793
                                             32 COMRAM     6     2      4
                            ___awdiv (ARG)
 ---------------------------------------------------------------------------------
 (1) ___awdiv                                              8     4      4     805
                                             24 COMRAM     8     4      4
 ---------------------------------------------------------------------------------
 (1) _OpenXLCD                                             1     1      0     155
                                             25 COMRAM     1     1      0
                           _BusyXLCD
                       _DelayPORXLCD
                          _DelayXLCD
                       _SetDDRamAddr
                       _WriteCmdXLCD
 ---------------------------------------------------------------------------------
 (1) _WriteCmdXLCD                                         1     1      0      62
                                             24 COMRAM     1     1      0
                      _DelayFor18TCY
 ---------------------------------------------------------------------------------
 (2) _SetDDRamAddr                                         1     1      0      62
                                             24 COMRAM     1     1      0
                      _DelayFor18TCY
 ---------------------------------------------------------------------------------
 (2) _DelayXLCD                                            1     1      0       0
                                             24 COMRAM     1     1      0
 ---------------------------------------------------------------------------------
 (2) _DelayPORXLCD                                         1     1      0       0
                                             24 COMRAM     1     1      0
 ---------------------------------------------------------------------------------
 (2) _BusyXLCD                                             0     0      0       0
                      _DelayFor18TCY
 ---------------------------------------------------------------------------------
 (3) _DelayFor18TCY                                        0     0      0       0
 ---------------------------------------------------------------------------------
 Estimated maximum stack depth 3
 ---------------------------------------------------------------------------------
 (Depth) Function   	        Calls       Base Space   Used Autos Params    Refs
 ---------------------------------------------------------------------------------
 (4) _isr                                                 18    18      0     113
                                              6 COMRAM    18    18      0
                        i2_tocar_som
 ---------------------------------------------------------------------------------
 (5) i2_tocar_som                                          6     6      0     113
                                              0 COMRAM     6     6      0
 ---------------------------------------------------------------------------------
 Estimated maximum stack depth 5
 ---------------------------------------------------------------------------------

 Call Graph Graphs:

 _main (ROOT)
   _OpenXLCD
     _BusyXLCD
       _DelayFor18TCY
     _DelayPORXLCD
     _DelayXLCD
     _SetDDRamAddr
       _DelayFor18TCY
     _WriteCmdXLCD
       _DelayFor18TCY
   _WriteCmdXLCD
     _DelayFor18TCY
   _WriteDataXLCD
     _DelayFor18TCY
   ___awdiv
   ___awmod
     ___awdiv (ARG)
   ___lldiv
     ___lmul (ARG)
   ___lmul
   ___lwdiv
   ___lwmod
     ___lwdiv (ARG)
   _escrever_EEPROM
   _ler_ADC
   _ler_EEPROM
   _putsXLCD
     _BusyXLCD
       _DelayFor18TCY
     _WriteDataXLCD
       _DelayFor18TCY
   _tocar_som

 _isr (ROOT)
   i2_tocar_som

 Address spaces:
Name               Size   Autos  Total    Cost      Usage
BIGRAM             7FF      0       0      21        0.0%
EEDATA             100      0       0       0        0.0%
BITBANK7           100      0       0      18        0.0%
BANK7              100      0       0      19        0.0%
BITBANK6           100      0       0      16        0.0%
BANK6              100      0       0      17        0.0%
BITBANK5           100      0       0      14        0.0%
BANK5              100      0       0      15        0.0%
BITBANK4           100      0       0      12        0.0%
BANK4              100      0       0      13        0.0%
BITBANK3           100      0       0      10        0.0%
BANK3              100      0       0      11        0.0%
BITBANK2           100      0       0       8        0.0%
BANK2              100      0       0       9        0.0%
BITBANK1           100      0       0       6        0.0%
BANK1              100     10      70       7       43.8%
BITBANK0            A0      0       0       4        0.0%
BANK0               A0      4      98       5       95.0%
BITCOMRAM           5E      0       0       0        0.0%
COMRAM              5E     31      43       1       71.3%
BITSFR               0      0       0     200        0.0%
SFR                  0      0       0     200        0.0%
STACK                0      0       0       2        0.0%
NULL                 0      0       0       0        0.0%
ABS                  0      0     14B      20        0.0%
DATA                 0      0     14B       3        0.0%
CODE                 0      0       0       0        0.0%


Microchip Technology PIC18 Macro Assembler V1.45 build -152302408 
Symbol Table                                                                                   Tue Jun 16 16:51:51 2026

                       l22 1D5E                         l30 145C                         l31 1464  
                       l40 14D6                         l32 1460                         l25 1D4E  
                       l41 14D2                         l33 147C                         l42 14EE  
                       l34 148A                         l19 1D68                         l43 14FC  
                       l35 1486                         l60 1BEC                         l44 14F8  
                       l36 14A2                         l28 1444                         l45 1514  
                       l37 14B0                         l29 1440                         l46 1522  
                       l38 14AC                         l55 1C74                         l47 151E  
                       l39 14C8                         l48 153A                         l72 1CB6  
                       l80 1B96                         l49 1544                         l81 1B96  
                       l58 1BD2                         l59 1BEC                         l75 1B76  
                       l76 1B3E                         l69 1CF8                         l77 1B46  
                       l78 1B42                         l79 1B5E               ___awdiv@sign 001E  
                      l200 184E                        l203 1D00                        l204 1D00  
                      l205 1D12                        l206 1D28                        l230 0A28  
                      l231 0A54                        l223 08B8                        l240 0CE0  
                      l232 0A8C                        l224 0998                        l241 0BB6  
                      l233 0AD6                        l225 08E8                        l250 0ED0  
                      l242 0CF2                        l234 0ADA                        l226 0924  
                      l243 1032                        l251 0ED4                        l235 0ADE  
                      l227 0960                        l260 104E                        l252 0F02  
                      l244 0D58                        l236 0ADE                        l228 0974  
                      l261 10B6                        l253 0F56                        l245 0E6E  
                      l237 0AF0                        l229 09F0                        l190 1C30  
                      l270 1298                        l262 1180                        l254 0FA6  
                      l246 0E44                        l238 0B54                        l271 1298  
                      l263 124E                        l255 102A                        l247 0E6A  
                      l239 0B88                        l440 1586                        l264 124E  
                      l256 0FCC                        l248 0E66                        l441 1608  
                      l193 1D3C                        l265 1260                        l249 102E  
                      l257 1004                        l442 15B4                        l266 127E  
                      l258 0FF6                        l443 15A8                        l283 1A7C  
                      l187 1C16                        l267 127E                        l259 1000  
                      l444 15C6                        l460 16DC                        l452 1654  
                      l284 1A9E                        l188 1C16                        l196 17F8  
                      l268 1290                        l445 15CA                        l461 16FC  
                      l453 166E                        l621 17B0                        l285 1AC8  
                      l189 1C24                        l197 1826                        l269 1294  
                      l446 15F4                        l462 1708                        l454 16E0  
                      l622 1748                        l286 1AD8                        l198 1816  
                      l447 1604                        l439 1568                        l455 1694  
                      l623 1738                        l199 1822                        l448 1624  
                      l456 1688                        l624 175A                        l449 1630  
                      l457 16A6                        l625 175E                        l458 16AA  
                      l626 179C                        l459 16CC                        l627 17B0  
                      l628 17C0                        l680 19E6                        l681 19EE  
                      l674 19E6                        l690 1A5E                        l675 1996  
                      l691 1A66                        l676 198A                        l684 1A5E  
                      l677 19A8                        l685 1A16                        l678 19AC  
                      l686 1A0A                        l679 19D6                        l687 1A28  
                      l688 1A2C                        l689 1A4E                        _PR2 000FCB  
      __end_ofi2_tocar_som 18DE                        _isr 0008      __size_of_WriteCmdXLCD 0042  
             ___awmod@sign 0026                        wreg 000FE8               __CFG_FOSC$HS 000000  
             __CFG_LVP$OFF 000000               __CFG_WDT$OFF 000000                       l3001 08B8  
                     l3011 0960                       l3003 08D4                       l3101 0CF2  
                     l3021 09B6                       l3013 0974                       l3005 08E8  
                     l3111 0D3C                       l3103 0CF8                       l3031 09F0  
                     l3023 09BC                       l3015 0978                       l3007 0924  
                     l3201 0FEC                       l3121 0D46                       l3113 0D3E  
                     l3105 0D12                       l3041 0A50                       l3033 0A02  
                     l3025 09C2                       l3009 0940                       l3017 0998  
                     l3211 1052                       l3203 0FF6                       l3131 0D52  
                     l3123 0D48                       l3115 0D40                       l3107 0D2A  
                     l3051 0AB6                       l3043 0A54                       l3035 0A08  
                     l3027 09CC                       l3019 09A4                       l3221 108C  
                     l3213 1056                       l3205 1004                       l3141 0DA2  
                     l3133 0D58                       l3125 0D4A                       l3117 0D42  
                     l3109 0D30                       l3061 0B1A                       l3053 0ACA  
                     l3045 0A66                       l3029 09EC                       l3037 0A28  
                     l3231 10C8                       l3223 10A0                       l3215 105C  
                     l3207 100A                       l3151 0E34                       l3143 0DD2  
                     l3135 0D68                       l3127 0D4C                       l3119 0D44  
                     l3071 0B50                       l3063 0B1E                       l3055 0AF0  
                     l3047 0A6C                       l3039 0A30                       l2513 1D60  
                     l2601 1C74                       l2521 1CC8                       l3241 1186  
                     l3233 10F8                       l3225 10A6                       l3217 106E  
                     l3161 0E82                       l3153 0E44                       l3145 0E02  
                     l3137 0D6C                       l3209 1032                       l3129 0D4E  
                     l3081 0B8E                       l3073 0B54                       l3065 0B22  
                     l3057 0B0A                       l3049 0A8C                       l2515 1D50  
                     l2531 1CD6                       l2523 1CCA                       l2611 1C8E  
                     l2603 1C78                       l3251 123E                       l3243 1192  
                     l3235 1128                       l3219 1084                       l3227 10B6  
                     l3171 0EDE                       l3163 0E9E                       l3155 0E56  
                     l3147 0E1E                       l3139 0D72                       l3091 0C6A  
                     l3083 0BA0                       l3075 0B64                       l3067 0B26  
                     l3059 0B12                       l2517 1D3E                       l2541 1CF8  
                     l2533 1CE4                       l2525 1CCC                       l2701 1BFA  
                     l2621 1CA8                       l2613 1C90                       l2605 1C86  
                     l3253 1260                       l3245 11C2                       l3237 1158  
                     l3229 10BC                       l3173 0EFE                       l3181 0F56  
                     l3165 0EA6                       l3149 0E24                       l3157 0E6E  
                     l3093 0C9A                       l3085 0BA6                       l3077 0B68  
                     l3069 0B30                       l2551 1BB4                       l2543 1B98  
                     l2535 1CE8                       l2527 1CD0                       l2519 1CBA  
                     l2631 140C                       l2711 1C0C                       l2703 1BFC  
                     l2623 1CAC                       l2615 1C94                       l2607 1C88  
                     l3247 11F2                       l3239 1174                       l3191 0F82  
                     l3183 0F68                       l3175 0F02                       l3167 0EB6  
                     l3159 0E7E                       l3095 0CB6                       l3087 0BB6  
                     l3079 0B88                       l2561 1BC4                       l2553 1BB6  
                     l2545 1B9C                       l2537 1CEA                       l2529 1CD2  
                     l2641 1416                       l2633 140E                       l2801 1608  
                     l2713 1C10                       l2705 1BFE                       l2721 1D34  
                     l2625 1CB6                       l2617 1CA2                       l2609 1C8A  
                     l3249 1222                       l3193 0FA2                       l3185 0F6C  
                     l3177 0F32                       l3169 0ED0                       l3097 0CC2  
                     l3089 0C5E                       l2571 1BDE                       l2563 1BCA  
                     l2555 1BBA                       l2547 1BA0                       l2539 1CEE  
                     l2651 142E                       l2643 141A                       l2635 1410  
                     l2627 1402                       l2803 1618                       l2811 1636  
                     l2707 1C06                       l2723 1D36                       l2715 1D2C  
                     l2619 1CA6                       l2731 17DC                       l3195 0FA6  
                     l3187 0F72                       l3179 0F36                       l3099 0CE0  
                     l2573 1BE0                       l2565 1BCE                       l2557 1BC0  
                     l2549 1BA6                       l2581 1C44                       l2661 147C  
                     l2653 1432                       l2645 1420                       l2637 1412  
                     l2629 140A                       l2805 1624                       l2821 166E  
                     l2813 1644                       l2901 1A4E                       l2709 1C08  
                     l2725 1D3C                       l2717 1D30                       l2741 1826  
                     l2733 17EC                       l3197 0FC2                       l3189 0F78  
                     l2575 1BE2                       l2567 1BD4                       l2559 1BC2  
                     l2591 1C52                       l2583 1C46                       l2671 14D6  
                     l2663 148A                       l2655 1436                       l2647 1424  
                     l2639 1414                       l2807 1630                       l2831 16C0  
                     l2823 1680                       l2815 164C                       l2903 1A54  
                     l2751 1D12                       l2719 1D32                       l2743 183C  
                     l2735 17F8                       l2727 17C4                       l3199 0FCC  
                     l2577 1BE8                       l2569 1BD8                       l2593 1C60  
                     l2585 1C48                       l2681 153A                       l2673 14EE  
                     l2665 14A2                       l2657 1444                       l2649 1428  
                     l2841 16FC                       l2833 16CC                       l2825 1688  
                     l2817 1654                       l2809 1632                       l2761 1A9E  
                     l2753 1D28                       l2745 1840                       l2737 180A  
                     l2729 17D4                       l2595 1C64                       l2587 1C4C  
                     l2579 1C34                       l2683 1544                       l2675 14FC  
                     l2667 14B0                       l2659 1464                       l2771 1560  
                     l2843 1708                       l2835 16D2                       l2827 1694  
                     l2819 1662                       l2851 1738                       l2763 1AA8  
                     l2755 1A68                       l2691 1B6E                       l2747 1844  
                     l2739 1816                       l2597 1C66                       l2589 1C4E  
                     l2677 1514                       l2669 14C8                       l2781 158E  
                     l2773 1568                       l2765 1546                       l2829 16AA  
                     l2837 16E0                       l2861 1796                       l2853 1748  
                     l2845 170A                       l2757 1A7C                       l2749 1CFA  
                     l2693 1B76                       l2685 1B3A                       l2599 1C6A  
                     l2679 1522                       l2791 15D0                       l2783 15A0  
                     l2775 1576                       l2767 154A                       l2839 16F0  
                     l2863 179C                       l2855 175E                       l2847 171A  
                     l2759 1A8A                       l2871 1982                       l2695 1BF0  
                     l2687 1B46                       l2793 15E6                       l2785 15A8  
                     l2777 157E                       l2769 1558                       l2865 17A6  
                     l2857 1768                       l2849 1730                       l2881 19C8  
                     l2873 198A                       l2697 1BF4                       l2689 1B5E  
                     l2795 15EE                       l2787 15B4                       l2779 1586  
                     l2859 1786                       l2883 19D0                       l2875 1996  
                     l2867 1968                       l2891 1A02                       l2699 1BF8  
                     l2797 15F4                       l2789 15CA                       l2885 19D6  
                     l2877 19AC                       l2869 1970                       l2893 1A0A  
                     l2799 15FA                       l2887 19DC                       l2879 19B2  
                     l2895 1A16                       l2991 0872                       l2897 1A2C  
                     l2889 19F0                       l2993 0886                       l2899 1A42  
                     l2995 0888                       l2997 0894                       l2989 086E  
                     l2999 08B4                       ?_isr 0001                       STR_1 0823  
                     STR_2 0834                       STR_3 0869                       STR_4 0801  
                     STR_5 0841                       STR_6 0849                       STR_7 0812  
                     STR_8 0857                       STR_9 0863                       u2000 09E8  
                     u2001 09E4                       u2010 0A24                       u2011 0A20  
                     u2100 0E34                       u2020 0A4C                       u2101 0E30  
                     u2021 0A48                       u2110 0E56                       u2030 0A88  
                     u2111 0E52                       u2031 0A84                       u2200 104E  
                     u2120 0E7E                       u2040 0ACA                       u2201 104A  
                     u2121 0E7A                       u2041 0AC6                       u2210 1084  
                     u2130 0E9E                       u2050 0AEC                       u2211 1080  
                     u2131 0E9A                       u2051 0AE8                       u2220 125C  
                     u2140 0EFA                       u2060 0B4C                       u2221 1258  
                     u2141 0EF6                       u2061 0B48                       u2230 128C  
                     u2150 0F52                       u2070 0B84                       u2231 1288  
                     u2151 0F4E                       u2071 0B80                       u1600 14EA  
                     u2160 0F9E                       u2080 0CEE                       u1601 14E6  
                     u2161 0F9A                       u2081 0CEA                       u1610 1510  
                     u2170 0FC2                       u2090 0D68                       u1611 150C  
                     u2307 1064                       u2171 0FBE                       u2091 0D64  
                     u1620 1536                       u1700 1D0E                       u2180 0FEC  
                     u1621 1532                       u1701 1D0A                       u2317 126C  
                     u2181 0FE8                       u1550 1BB4                       u1710 1A8A  
                     u1630 1B5A                       u2190 1026                       u1551 1BB0  
                     u1711 1A86                       u1631 1B56                       u2327 1830  
                     u2191 1022                       u2247 09AC                       u1560 1458  
                     u1800 1662                       u1720 1AC8                       u1640 1B92  
                     u2337 1D44                       u1561 1454                       u1801 165E  
                     u1721 1AC4                       u1641 1B8E                       u2257 0AFC  
                     u1570 1478                       u1730 1558                       u1810 1680  
                     u1650 1C24                       u2347 1D56                       u1571 1474  
                     u1731 1554                       u1811 167C                       u1651 1C20  
                     u2267 0B96                       u1580 149E                       u1740 1576  
                     u1820 16A2                       u1900 19C8                       u2357 1D62  
                     u1581 149A                       u1741 1572                       u1821 169E  
                     u1901 19C4                       u2277 0CCE                       u1590 14C4  
                     u1750 15A0                       u1830 16C0                       u1910 1A02  
                     u1670 17EC                       u1591 14C0                       u1751 159C  
                     u1831 16BC                       u1911 19FE                       u1671 17E8  
                     u2287 0D04                       u1760 15C2                       u1840 16F0  
                     u1920 1A24                       u1680 180A                       u1761 15BE  
                     u1841 16EC                       u1921 1A20                       u1665 1C2C  
                     u1681 1806                       u2297 0D20                       u1770 15E6  
                     u1850 1730                       u1930 1A42                       u1666 1C2E  
                     u1771 15E2                       u1851 172C                       u1931 1A3E  
                     u1780 1618                       u1860 1756                       u1781 1614  
                     u1861 1752                       u1790 1644                       u1870 1786  
                     u1791 1640                       u1871 1782                       u1695 184C  
                     u1880 1982                       u1696 184E                       u1960 08B0  
                     u1881 197E                       u1961 08AC                       u1890 19A4  
                     u1970 08D4                       u1891 19A0                       u1971 08D0  
                     u1980 0940                       u1981 093C                       u1990 0994  
                     u1991 0990              tocar_som@tipo 001E                       _main 086E  
                     fsr0h 000FEA                       fsr1h 000FE2                       fsr2h 000FDA  
                     fsr0l 000FE9                       indf1 000FE7                       indf2 000FDF  
                     fsr1l 000FE1                       fsr2l 000FD9                       btemp 0044  
   __size_of_WriteDataXLCD 0042                       prodh 000FF4                       prodl 000FF3  
                     start 000E        tocar_som@pr2_antigo 001B               ___param_bank 000000  
   tocar_som@ccpr1l_antigo 001C                      ??_isr 0007               _WriteCmdXLCD 1CB8  
            __CFG_PLLDIV$5 000000              ?_SetDDRamAddr 0001                      ?_main 0001  
          __end_of___awdiv 1632                      _EEADR 000FA9                      STR_10 085D  
                    STR_11 0850            __end_of___awmod 170A            __end_of___lldiv 17C2  
                    _T0CON 000FD5            ___awdiv@divisor 001B                      _T2CON 000FCA  
           __CFG_DEBUG$OFF 000000            __end_of___lwdiv 19F0                      i2l200 18DC  
          __end_of___lwmod 1A68                      i2l211 1306                      i2l212 135C  
                    i2l213 1346                      i2l214 1358                      i2l215 13B4  
                    i2l216 139E                      i2l217 13B0                      i2l218 13B4  
                    i2l196 1886                      i2l197 18B4                      i2l198 18A4  
                    i2l199 18B0            ___awdiv@counter 001D                      _TMR0H 000FD7  
                    _TMR0L 000FD6                      _PORTD 000F83                      _TRISB 000F93  
                    _TRISD 000F95                      _TRISE 000F96        ___lmul@multiplicand 001D  
          __end_of_ler_ADC 1D2A                      _pista 00DC                      main@i 016E  
 __size_of_escrever_EEPROM 0044                      pclath 000FFA                      tablat 000FF5  
                    status 000FD8                      wtemp6 0045            __initialization 18DE  
             __end_of_main 129C           __end_of_BusyXLCD 1BEE         __size_of_DelayXLCD 0012  
              i2_tocar_som 1850      __size_of_DelayPORXLCD 0010             ??_SetDDRamAddr 0019  
         __end_of_OpenXLCD 1546                     ??_main 00F4              __activetblptr 000001  
            _WriteDataXLCD 1C76                     _ADCON0 000FC2                     _ADCON1 000FC1  
                   _ADCON2 000FC0                     _ADRESH 000FC4                     _ADRESL 000FC3  
                   _EEDATA 000FA8                     _CCPR1L 000FBE                     _EECON2 000FA7  
         ___awdiv@dividend 0019                     i2l2101 187A                     i2l2111 18CA  
                   i2l2103 1886                     i2l2113 18CE                     i2l2105 1898  
                   i2l2201 12E6                     i2l2115 18D2                     i2l2107 18A4  
                   i2l2211 1316                     i2l2203 12F4                     i2l2109 18B4  
                   i2l2221 133C                     i2l2213 1328                     i2l2205 12FA  
                   i2l2231 136C                     i2l2215 1330                     i2l2223 1346  
                   i2l2207 1306                     i2l2241 1394                     i2l2233 1380  
                   i2l2225 134E                     i2l2217 1334                     i2l2209 1314  
                   i2l2235 1388                     i2l2243 139E                     i2l2219 1338  
                   i2l2227 135C                     i2l2245 13A6                     i2l2237 138C  
                   i2l2229 136A                     i2l2095 1852                     i2l2239 1390  
                   i2l2097 1862                     i2l2099 186A               _DelayPORXLCD 1D50  
                   ___lmul 1A68                  ??___awdiv 001D                  ??___awmod 0025  
                ??___lldiv 002D                  ??___lwdiv 001D                  ??___lwmod 0024  
                   clear_0 1944                     clear_1 1950           ___awdiv@quotient 001F  
          ___awmod@divisor 0023               _beatmap_real 0060            ___awmod@counter 0025  
           ?_WriteDataXLCD 0001                  ??_ler_ADC 001B              main@valor_adc 0160  
             __pdataCOMRAM 003C               __mediumconst 0000                     tblptrh 000FF7  
                   tblptrl 000FF6                     tblptru 000FF8           __end_of_putsXLCD 1B98  
        __end_of_DelayXLCD 1D50                 __accesstop 0060    __end_of__initialization 1956  
          __CFG_PBADEN$OFF 000000              ___rparam_used 000001          ??_escrever_EEPROM 001A  
           __pcstackCOMRAM 0001               __pidataBANK0 1D72               __pidataBANK1 1ADA  
   __size_of_DelayFor18TCY 000A                 __pbssBANK0 0060                  ?_BusyXLCD 0001  
          WriteCmdXLCD@cmd 0019       __end_of_SetDDRamAddr 1C76                  ?_OpenXLCD 0001  
        WriteDataXLCD@data 0019                    ?___lmul 0019                    _CCP1CON 000FBD  
          ??_WriteDataXLCD 0019             ___lmul@product 0021  escrever_EEPROM@status_gie 001B  
       __size_of_tocar_som 008E                 _ler_EEPROM 1D2A                 _high_score 0032  
               ??_BusyXLCD 0019                 ??_OpenXLCD 001A                    __Hparam 0000  
                  __Lparam 0000                    ___awdiv 1546              _DelayFor18TCY 1D60  
          __size_of___lmul 0072                    ___awmod 1632                    ___lldiv 170A  
                ?_putsXLCD 001A                    ___lwdiv 1968               ?i2_tocar_som 0001  
                  ___lwmod 19F0               __psmallconst 0800                    _bgm_eva 0130  
                  __pcinit 18DE                    __ramtop 0800                    __ptext0 086E  
                  __ptext1 17C2                    __ptext2 1B3A                    __ptext3 1C76  
                  __ptext4 1D2A                    __ptext5 1CFA                    __ptext6 1BEE  
                  __ptext7 19F0                    __ptext8 1968                    __ptext9 1A68  
                  _ler_ADC 1CFA                  _T0CONbits 000FD5                    _hit_map 0100  
                _T2CONbits 000FCA               __size_of_isr 13F8           ___awmod@dividend 0021  
      escrever_EEPROM@dado 0019             __pintcode_body 129C       end_of_initialization 1956  
                  int_func 129C            ___lldiv@divisor 0029   i2tocar_som@ccpr1l_antigo 0005  
          ___lldiv@counter 0031          __end_of_tocar_som 1850            i2tocar_som@tipo 0003  
           ?_DelayFor18TCY 0001                    postdec1 000FE5                    postinc0 000FEE  
                  postinc2 000FDE                 ??_putsXLCD 001C                  _PORTBbits 000F81  
                _TRISCbits 000F94                  _TRISEbits 000F96              _carga_timer_h 0038  
              ?_ler_EEPROM 0001            _escrever_EEPROM 1BEE      __size_of_SetDDRamAddr 0044  
                _DelayXLCD 1D3E             __end_of___lmul 1ADA              __pidataCOMRAM 1D6A  
             _SetDDRamAddr 1C32         SetDDRamAddr@DDaddr 0019        start_initialization 18DE  
              __end_of_isr 1400         tocar_som@timer2_on 001D          __size_of_BusyXLCD 0056  
               ?_DelayXLCD 0001               _index_musica 0036            ??_DelayFor18TCY 0019  
        __size_of_OpenXLCD 0146                   ??___lmul 0021        __size_of_ler_EEPROM 0014  
            ?_WriteCmdXLCD 0001                __pdataBANK0 00EC                __pdataBANK1 0100  
     __size_ofi2_tocar_som 008E    __end_of_escrever_EEPROM 1C32                __pbssCOMRAM 0032  
            __pcstackBANK0 00F4              __pcstackBANK1 0160             putsXLCD@buffer 001A  
         ___lwdiv@dividend 0019                  __pintcode 0008             ??_WriteCmdXLCD 0019  
             _mensagem_hit 0039                   ?___awdiv 0019                   ?___awmod 0021  
                 ?___lldiv 0025                  _flag_tick 003B                   ?___lwdiv 0019  
                 ?___lwmod 0020                  _don_cheio 003C          __size_of_putsXLCD 005E  
    __end_of_WriteDataXLCD 1CB8                   ?_ler_ADC 0019                __smallconst 0800  
              _flag_placar 003A           ___lwdiv@quotient 001E                   _LATEbits 000F8D  
              ??_DelayXLCD 0019              ?_DelayPORXLCD 0001                   i2u122_40 12F4  
                 i2u122_41 12F0                   i2u123_40 1314                   i2u123_41 1310  
                 i2u124_40 1328                   i2u124_41 1324                   i2u117_40 187A  
                 i2u125_40 136A                   i2u117_41 1876                   i2u125_41 1366  
                 i2u118_40 1898                   i2u126_40 1380                   i2u118_41 1894  
                 i2u126_41 137C                   i2u119_45 18DA                   i2u119_46 18DC  
                 i2u236_47 18BE            OpenXLCD@lcdtype 001A                   _RCONbits 000FD0  
       ler_EEPROM@endereco 0019                  _tocar_som 17C2                  _pontuacao 0034  
               _ADCON0bits 000FC2                  main@i_711 016A                  main@i_712 016C  
                main@i_675 0164                  main@i_676 0166                  main@i_686 0168  
         ?_escrever_EEPROM 0019               ??_ler_EEPROM 0019          ___lmul@multiplier 0019  
              _INTCON2bits 000FF1                _INTCON3bits 000FF0                  copy_data0 18F2  
                copy_data1 1912                  copy_data2 1932                   _BusyXLCD 1B98  
           ??_DelayPORXLCD 0019                 _EECON1bits 000FA6                   _OpenXLCD 1400  
                 __Hrparam 0000                   __Lrparam 0000               __Lsmallconst 0800  
       __end_of_ler_EEPROM 1D3E                 ?_tocar_som 0001           __size_of___awdiv 00EC  
         __size_of___awmod 00D8           __size_of___lldiv 00B8           __size_of___lwdiv 0088  
         __size_of___lwmod 0078           __size_of_ler_ADC 0030                   _bgm_real 009E  
          ___lwdiv@divisor 001B            ___lwdiv@counter 001D                   __ptext10 170A  
                 __ptext11 1632                   __ptext12 1546                   __ptext21 1850  
                 __ptext13 1400                   __ptext14 1CB8                   __ptext15 1C32  
                 __ptext16 1D3E                   __ptext17 1D50                   __ptext18 1B98  
                 __ptext19 1D60                   _ka_vazio 00EC       __end_of_WriteCmdXLCD 1CFA  
            __size_of_main 0A2E      i2tocar_som@pr2_antigo 0004                   int$flags 0044  
                 _putsXLCD 1B3A      __CFG_CPUDIV$OSC1_PLL2 000000                 _INTCONbits 000FF2  
          main@porcentagem 0162    escrever_EEPROM@endereco 001A                   intlevel2 0000  
         ___lwmod@dividend 0020           ___lldiv@dividend 0025      __end_of_DelayFor18TCY 1D6A  
            ??i2_tocar_som 0001                ??_tocar_som 0019       __end_of_DelayPORXLCD 1D60  
         ___lldiv@quotient 002D            ___lwmod@divisor 0022            ___lwmod@counter 0024  
     i2tocar_som@timer2_on 0006  
